Calories (kcal),Carbohydrates (g),Protein (g),Fats (g),Free Sugar (g),Fibre (g),Sodium (mg),Folate (µg),Breakfast,Lunch,Dinner,Snack,Calcium (mg),Iron (mg),Vitamin C (mg),Diet Preference
422.6,59.35,5.63,18.75,30.37,1.3,114.62,2.49,,Cherry and walnut cookies,,,46.27,1.31,0.0,Indian
690.73,5.32,1.57,73.72,0.74,0.59,83.67,13.84,,Vegetable seekh kebab,,,32.66,0.36,6.86,Indian
436.29,62.43,3.22,20.8,59.88,0.0,8.66,1.52,,,,Chocolate glace icing,26.75,2.04,0.0,Indian
322.88,3.75,0.71,33.84,0.63,1.04,42.22,43.47,,Yam kofta curry (Zimikand/Suran kofta curry),,,8.35,0.31,36.07,Indian
55.61,4.28,11.41,14.39,1.5,1.01,11202.89,24.85,,,French onion soup,,106.22,3.52,5.35,Indian
183.49,15.02,2.08,13.11,14.41,0.07,16.26,12.72,,Pear chocholate sunday,,,56.67,0.24,3.34,Indian
285.01,19.27,11.29,18.37,18.63,0.05,37.83,60.43,,Cheese pudding,,,226.11,0.87,0.3,Indian
89.56,10.42,1.52,4.47,1.58,2.42,78.4,35.58,,Potato curry (Aloo ki sabzi),,,23.74,0.97,42.18,Indian
170.63,21.1,5.85,7.48,3.4,0.4,200.51,28.19,,Macroni cheese pie,,,122.01,0.54,14.65,Indian
627.41,4.26,1.33,67.24,1.19,0.64,95.89,67.83,Vegetarian egg kofta curry,,,,28.39,0.39,35.58,Indian
391.9,44.31,9.46,19.19,15.94,7.3,8.07,13.1,,,,Wheat flour and nuts ladoos (Atta nuts ladoos),127.29,4.01,0.0,Indian
28.32,1.63,14.48,12.59,0.27,0.47,12205.33,13.45,,,Chicken sweet corn soup,,91.5,3.83,2.02,Indian
324.19,46.49,5.36,13.31,24.54,0.87,160.6,7.82,,,,Fruit Loaf,45.71,0.96,2.47,Indian
56.72,3.98,2.89,3.2,3.34,0.79,31.16,,,,Spinach soup in milk,,106.1,1.08,,Indian
57.42,7.11,1.86,2.52,7.08,0.0,14.63,16.85,Orange milkshake (Narangi milkshake),,,,67.42,0.11,10.82,Indian
68.74,8.55,2.96,2.47,1.12,1.86,37.53,45.31,,Dal dhokli,,,14.54,0.79,2.77,Indian
263.97,24.19,3.49,16.85,0.7,5.19,236.22,10.72,,Makki ki roti,,,14.76,1.11,1.99,Indian
623.87,8.56,1.81,64.63,0.6,0.67,132.84,9.59,,Spring roll,,,9.51,0.49,4.59,Indian
171.78,20.26,11.06,5.61,1.94,2.45,290.07,18.29,,Pea keema sandwich (toasted) (Matar aur keema ka sandwich),,,70.79,1.51,5.5,Indian
676.89,1.91,4.05,72.62,0.3,0.36,90.67,30.63,Scotch egg,,,,15.03,0.6,2.59,Indian
40.05,2.08,0.47,3.2,1.47,1.19,45.5,35.73,,,Pumpkin soup,,12.17,0.19,11.5,Indian
404.61,55.24,4.23,19.33,29.76,2.02,110.57,1.69,,Jelly biscuit,,,36.46,1.19,0.03,Indian
81.57,8.87,2.64,4.08,5.12,0.62,15.89,17.58,Cracked wheat porridge (Meetha daliya),,,,75.88,0.32,5.03,Indian
225.6,28.66,3.72,10.73,9.31,0.91,59.74,5.64,,Custard tart,,,57.47,0.49,1.18,Indian
348.67,47.1,3.47,16.86,28.67,2.8,8.33,3.21,,Semolina burfi (Suji/Rava burfi),,,14.86,1.01,0.0,Indian
127.55,4.44,7.19,8.91,1.43,1.82,79.62,36.31,,,Chicken stew,,31.53,0.9,20.89,Indian
56.21,6.04,3.88,1.94,5.42,0.63,132.48,5.78,,,,Curd vegetable dip,129.58,0.37,4.53,Indian
32.25,3.56,0.99,1.63,0.9,0.31,22.35,50.13,,,Sweet corn soup,,3.72,0.41,10.33,Indian
164.24,31.1,4.19,2.23,1.26,2.78,96.61,54.48,,Spanish rice,,,18.93,0.92,48.66,Indian
22.43,5.43,0.37,0.04,5.21,0.2,1.57,63.89,,,,Summer cooler,8.13,0.28,103.5,Indian
97.81,3.93,4.61,13.12,1.81,1.38,4461.22,44.01,,,Cream of tomato soup,,39.61,0.95,53.23,Indian
56.14,3.72,8.97,12.75,1.59,1.89,8792.43,94.43,,,Cream of broccoli soup,,66.55,1.82,68.91,Indian
55.72,7.62,1.66,2.23,7.6,0.0,14.05,17.45,Pineapple milkshake (Ananas milkshake),,,,59.92,0.11,10.22,Indian
46.06,7.36,1.25,0.27,5.36,1.77,1037.04,,,Green chilli sauce,,,9.89,0.64,,Indian
425.29,57.98,5.79,19.38,30.29,1.05,278.29,2.62,,,,Chocolate chip cookies,24.76,1.22,0.0,Indian
117.29,23.19,3.26,1.06,13.84,1.44,9.64,21.48,Lentils and semolina porridge (Dal suji porridge/daliya),,,,44.74,1.22,0.8,Indian
28.32,1.63,14.48,12.59,0.27,0.47,12205.33,13.45,,,Chicken sweet corn soup,,91.5,3.83,2.02,Indian
575.02,5.77,2.45,60.25,0.2,0.58,79.4,22.05,Egg cutlet (Anda cutlet),,,,16.22,0.56,11.07,Indian
215.41,42.59,2.1,4.57,24.8,1.13,3.2,10.65,,Sweet rice (Meethe chawal),,,11.38,0.34,0.21,Indian
125.18,12.24,3.87,6.57,2.09,2.48,116.69,28.57,Vegetable pancake,,,,42.89,0.79,20.63,Indian
80.07,3.45,4.79,12.22,1.44,1.96,5135.74,43.91,,,Clear tomato soup (Tamatar ka soup),,29.05,1.14,53.16,Indian
31.17,3.94,9.65,11.68,1.06,2.57,10418.84,34.92,,,Lentil soup,,40.57,2.26,17.9,Indian
56.14,3.72,8.97,12.75,1.59,1.89,8792.43,94.43,,,Cream of broccoli soup,,66.55,1.82,68.91,Indian
124.98,9.14,3.21,8.47,8.89,0.88,19.62,110.68,,Mango mousse,,,51.38,0.35,42.76,Indian
23.13,5.99,0.07,0.02,5.88,0.17,2.26,9.13,,,,Fruit Punch (with squashes),3.3,0.06,15.08,Indian
267.7,13.28,3.12,22.63,4.16,6.19,26.59,27.59,,Appam,,,6.36,0.83,2.57,Indian
40.05,2.08,0.47,3.2,1.47,1.19,45.5,35.73,,,Pumpkin soup,,12.17,0.19,11.5,Indian
106.18,5.99,1.9,8.13,0.44,3.02,254.76,55.94,,Potato cauliflower (Aloo gobhi),,,22.87,1.07,61.11,Indian
9.09,1.86,0.17,0.11,1.46,0.46,189.6,3.14,,,,Cumin infused water (Jeere/Zeere ka pani),10.84,0.32,3.61,Indian
74.32,18.22,0.25,0.32,17.67,2.84,1.7,4.33,,,,Stewed fruit (with pear),5.94,0.21,2.48,Indian
56.14,3.72,8.97,12.75,1.59,1.89,8792.43,94.43,,,Cream of broccoli soup,,66.55,1.82,68.91,Indian
42.66,3.71,9.3,11.09,1.01,1.92,8875.06,23.24,,,Minestrone soup,,53.55,1.82,19.43,Indian
98.56,2.23,4.97,7.72,0.82,1.15,117.29,48.39,Deviled egg,,,,36.84,1.51,18.42,Indian
441.12,61.25,3.0,21.25,40.86,0.75,6.06,1.66,,Raspberry shortbread cookies,,,13.81,0.6,0.01,Indian
239.86,39.54,9.13,5.51,25.0,0.52,61.47,19.87,,,,Chocolate sponge cake,33.99,1.81,0.0,Indian
39.81,3.63,11.06,12.9,0.87,2.49,10958.11,65.46,,,Green pea soup (Matar ka soup),,46.63,2.18,41.12,Indian
79.39,5.03,2.33,5.46,0.86,2.15,60.09,80.51,,Urad sabut special,,,21.45,0.71,28.45,Indian
55.72,7.62,1.66,2.23,7.6,0.0,14.05,17.45,Pineapple milkshake (Ananas milkshake),,,,59.92,0.11,10.22,Indian
223.67,0.31,11.59,19.62,0.0,0.29,446.96,24.77,Fried Egg,,,,46.4,1.69,0.0,Indian
84.92,3.4,3.36,6.45,1.97,0.55,110.12,41.14,Beetroot and egg salad (Chukandar aur ande ka salad),,,,18.13,0.55,6.0,Indian
56.14,3.72,8.97,12.75,1.59,1.89,8792.43,94.43,,,Cream of broccoli soup,,66.55,1.82,68.91,Indian
100.54,3.45,5.21,13.31,1.13,1.74,4429.81,298.06,,,Cream of spinach soup,,70.77,2.1,63.34,Indian
51.54,6.62,1.75,2.14,6.53,0.0,13.98,5.53,Espreso coffee,,,,58.1,0.15,1.51,Indian
667.34,5.68,2.98,70.28,2.05,1.13,77.9,19.06,,Gunjia,,,48.16,0.5,0.51,Indian
66.78,8.65,2.06,2.83,8.61,0.0,16.34,12.65,Flavoured milkshake,,,,75.05,0.11,3.62,Indian
194.86,6.99,2.38,17.62,2.39,1.66,179.26,21.85,,,Garlic soup,,60.55,0.73,11.12,Indian
31.17,3.94,9.65,11.68,1.06,2.57,10418.84,34.92,,,Lentil soup,,40.57,2.26,17.9,Indian
271.98,27.32,6.98,15.29,16.47,1.65,101.0,19.12,Khoa and coconut pancake,,,,157.22,1.12,0.73,Indian
150.24,2.21,14.01,9.41,0.83,0.99,100.45,26.78,,Hariyali Fish Tikka,,,34.86,0.83,11.11,Indian
102.83,3.76,6.1,7.02,1.95,1.53,218.05,40.85,Indian style egg bhujia (Anda bhujia (Indian style)),,,,31.9,1.14,13.56,Indian
56.9,7.23,1.73,2.35,7.15,0.26,13.27,53.68,Mango milkshake (Aam milkshake),,,,62.33,0.15,20.1,Indian
51.54,6.62,1.75,2.14,6.53,0.0,13.98,5.53,Espreso coffee,,,,58.1,0.15,1.51,Indian
60.2,6.14,8.1,12.05,1.24,1.51,8503.99,33.19,,,Cream of potato soup,,51.97,1.7,28.86,Indian
24.9,5.23,0.17,0.51,5.14,0.16,0.29,0.82,Kashmiri tea (Kehwa),,,,3.19,0.07,0.06,Indian
189.32,14.74,7.88,11.36,12.69,0.0,56.07,31.85,,,,Chocolate souffle,71.55,0.71,1.3,Indian
242.89,4.71,1.41,24.35,0.83,0.06,165.94,,,Low calorie quick mayonnaise,,,6.47,0.25,,Indian
39.81,3.63,11.06,12.9,0.87,2.49,10958.11,65.46,,,Green pea soup (Matar ka soup),,46.63,2.18,41.12,Indian
189.32,14.74,7.88,11.36,12.69,0.0,56.07,31.85,,,,Chocolate souffle,71.55,0.71,1.3,Indian
56.9,7.23,1.73,2.35,7.15,0.26,13.27,53.68,Mango milkshake (Aam milkshake),,,,62.33,0.15,20.1,Indian
665.67,7.32,0.37,70.46,4.37,0.65,86.87,8.97,,,,Banana chips (Kele ke chips),2.01,0.19,4.03,Indian
239.42,26.22,4.24,13.5,17.34,0.33,85.88,18.34,,,,Chocolate eclairs,34.21,0.68,0.4,Indian
230.52,9.53,6.85,18.16,8.99,0.0,48.64,33.07,,,,Creamy chocolate mousse,45.25,0.96,0.75,Indian
205.63,1.68,9.69,17.82,1.07,0.93,400.29,32.02,Cheese and mushroom omelette/omlet,,,,148.77,1.01,0.48,Indian
56.72,3.98,2.89,3.2,3.34,0.79,31.16,,,,Spinach soup in milk,,106.1,1.08,,Indian
36.13,4.72,2.09,0.93,2.28,1.66,141.73,21.36,Cucumber and yogurt salad (Kheere aur dahi ka salad),,,,68.49,0.52,6.74,Indian
665.67,7.32,0.37,70.46,4.37,0.65,86.87,8.97,,,,Banana chips (Kele ke chips),2.01,0.19,4.03,Indian
48.03,4.58,2.99,1.99,3.34,0.88,121.32,27.42,,,Cold cucumber soup (Thanda kheere ka soup),,99.79,0.32,5.05,Indian
36.12,9.38,0.14,0.03,9.25,0.06,2.63,24.57,,,,Fruit Punch (with fresh juices),5.07,0.1,41.44,Indian
78.65,3.68,10.13,13.8,1.94,0.91,8376.94,38.67,,,Almond soup (Badam ka soup),,114.95,2.83,7.68,Indian
189.92,21.29,6.26,9.39,2.58,1.91,420.6,16.85,,Tomato sandwich (grilled),,,150.9,0.88,8.91,Indian
55.21,7.6,2.22,1.55,1.61,3.01,170.68,,,,Vegetable soup,,18.1,0.63,,Indian
79.95,7.95,5.04,3.36,7.12,0.1,301.07,,,,,Curd dip,167.17,0.25,,Indian
241.27,4.8,3.01,23.44,4.39,0.41,119.58,7.03,,,,Mayonnaise vegetable dip,91.42,0.28,4.58,Indian
74.32,18.22,0.25,0.32,17.67,2.84,1.7,4.33,,,,Stewed fruit (with pear),5.94,0.21,2.48,Indian
189.32,14.74,7.88,11.36,12.69,0.0,56.07,31.85,,,,Chocolate souffle,71.55,0.71,1.3,Indian
665.67,7.32,0.37,70.46,4.37,0.65,86.87,8.97,,,,Banana chips (Kele ke chips),2.01,0.19,4.03,Indian
785.37,5.49,1.98,84.11,0.53,0.31,121.05,6.85,Cheese toast,,,,43.87,0.31,0.0,Indian
421.74,37.92,5.48,28.46,31.43,1.12,4.23,2.1,,Cashewnut burfi (Kaju burfi/Kaju katli),,,12.95,1.79,0.0,Indian
416.57,46.55,6.9,23.0,21.69,1.59,112.53,3.0,Coffee biscuit,,,,48.92,1.27,0.03,Indian
65.31,9.15,1.84,2.37,7.96,0.26,13.61,19.83,Banana milkshake (Kele milkshake),,,,62.64,0.13,6.84,Indian
379.76,51.56,5.88,17.09,24.16,1.01,127.02,1.81,,,,Chocolate biscuit,41.51,1.14,0.03,Indian
140.21,21.82,2.34,4.62,1.15,1.69,193.76,22.63,,Plain pulao,,,12.76,0.41,3.42,Indian
240.84,42.92,6.55,4.37,1.03,1.6,177.24,30.08,Home made egg noodles,,,,15.96,1.15,0.0,Indian
104.17,25.94,0.66,0.13,25.09,1.97,2.31,,,Orange marmalade (Santray ka murabba),,,17.59,0.63,,Indian
37.32,3.12,6.72,9.77,1.79,2.34,7311.44,53.08,,,Curried Cauliflower soup,,37.25,2.12,51.86,Indian
47.94,1.19,11.47,12.02,0.54,1.57,8953.64,11.38,,,Chicken consomme (Clear chicken soup),,35.48,1.82,2.1,Indian
35.63,4.17,10.12,12.78,0.77,1.94,11088.14,48.58,,,Talaumein soup,,42.33,2.23,12.62,Indian
74.32,18.22,0.25,0.32,17.67,2.84,1.7,4.33,,,,Stewed fruit (with pear),5.94,0.21,2.48,Indian
241.27,4.8,3.01,23.44,4.39,0.41,119.58,7.03,,,,Mayonnaise vegetable dip,91.42,0.28,4.58,Indian
31.17,3.94,9.65,11.68,1.06,2.57,10418.84,34.92,,,Lentil soup,,40.57,2.26,17.9,Indian
84.07,10.0,2.7,3.86,9.63,0.55,19.62,35.87,,Bottle gourd kheer (Ghiya/Lauki kheer),,,94.18,0.23,6.2,Indian
151.27,7.98,3.36,11.76,4.32,0.14,22.59,,,White sauce (medium),,,103.53,0.22,,Indian
404.85,60.79,5.66,15.84,25.94,2.33,127.01,2.42,,Christmas bell biscuit,,,32.0,1.22,0.0,Indian
425.29,57.98,5.79,19.38,30.29,1.05,278.29,2.62,,,,Chocolate chip cookies,24.76,1.22,0.0,Indian
31.17,3.94,9.65,11.68,1.06,2.57,10418.84,34.92,,,Lentil soup,,40.57,2.26,17.9,Indian
272.41,0.64,9.66,25.74,0.51,0.12,226.18,50.48,Plain omelette/omlet,,,,48.4,1.35,0.3,Indian
60.2,6.14,8.1,12.05,1.24,1.51,8503.99,33.19,,,Cream of potato soup,,51.97,1.7,28.86,Indian
241.27,4.8,3.01,23.44,4.39,0.41,119.58,7.03,,,,Mayonnaise vegetable dip,91.42,0.28,4.58,Indian
68.48,5.43,1.4,4.38,1.79,2.97,79.46,28.48,,Vegetable jalfrezi,,,27.11,0.68,26.08,Indian
391.9,44.31,9.46,19.19,15.94,7.3,8.07,13.1,,,,Wheat flour and nuts ladoos (Atta nuts ladoos),127.29,4.01,0.0,Indian
10.34,2.7,0.03,0.01,2.7,0.0,0.23,1.28,Iced tea,,,,1.18,0.02,5.95,Indian
243.37,32.24,7.05,10.12,22.34,0.32,46.54,17.22,,,,Chocolate pastry,50.7,1.44,0.25,Indian
205.04,23.92,3.7,10.22,1.15,4.18,127.2,14.96,,Potato parantha/paratha (Aloo ka parantha/paratha),,,17.38,1.52,7.98,Indian
458.61,59.7,6.05,22.01,22.42,1.9,5.65,1.1,,Saffron biscuit (Kesar biscuit),,,25.71,1.23,0.01,Indian
78.65,3.68,10.13,13.8,1.94,0.91,8376.94,38.67,,,Almond soup (Badam ka soup),,114.95,2.83,7.68,Indian
115.74,28.18,1.11,0.25,27.38,6.61,3.36,,,Guava jelly (Amrood ki jelly),,,16.55,0.29,,Indian
117.29,23.19,3.26,1.06,13.84,1.44,9.64,21.48,Lentils and semolina porridge (Dal suji porridge/daliya),,,,44.74,1.22,0.8,Indian
77.16,9.89,2.95,2.97,7.92,0.4,16.34,32.3,,Moong dal kheer,,,75.66,0.28,5.06,Indian
32.25,3.56,0.99,1.63,0.9,0.31,22.35,50.13,,,Sweet corn soup,,3.72,0.41,10.33,Indian
111.56,14.77,2.81,4.71,1.67,3.12,196.73,35.24,Sprouted moong daliya,,,,22.62,1.29,7.53,Indian
469.81,20.06,1.17,42.53,9.95,0.67,20.14,13.79,,Banana appam,,,13.74,0.77,4.03,Indian
64.78,7.19,4.14,2.19,5.99,1.69,274.46,32.0,,Carrot raita (Gajar ka raita),,,146.72,0.55,7.76,Indian
171.46,16.05,4.37,10.38,14.03,0.33,38.78,15.6,,,,Fruit Ice cream (Phalon ka Ice cream),93.35,0.36,4.02,Indian
312.01,43.45,6.66,13.19,34.2,0.32,196.61,14.7,,,,Chocolate eggless cake,185.38,0.95,2.67,Indian
211.96,29.59,3.55,9.48,20.68,0.53,171.36,18.08,,,,Chocolate pudding,64.56,0.6,0.75,Indian
102.68,12.33,3.24,4.72,11.98,0.09,23.31,9.75,,Danedar burfi,,,107.53,0.24,3.36,Indian
76.45,11.15,2.01,2.77,9.94,0.27,16.63,20.73,Banana milkshake with ice cream (Kele ka milkshake ice cream ke saath),,,,68.3,0.14,6.99,Indian
214.85,11.71,4.16,17.02,11.69,0.0,37.72,21.98,Vanilla ice cream with egg,,,,77.42,0.34,2.13,Indian
674.61,5.41,1.9,71.84,0.88,1.11,63.55,119.81,,Onion pakora/pakoda (Pyaaz ke pakode),,,7.95,0.36,5.36,Indian
240.84,42.92,6.55,4.37,1.03,1.6,177.24,30.08,Home made egg noodles,,,,15.96,1.15,0.0,Indian
84.92,3.4,3.36,6.45,1.97,0.55,110.12,41.14,Beetroot and egg salad (Chukandar aur ande ka salad),,,,18.13,0.55,6.0,Indian
10.34,2.7,0.03,0.01,2.7,0.0,0.23,1.28,Iced tea,,,,1.18,0.02,5.95,Indian
436.29,62.43,3.22,20.8,59.88,0.0,8.66,1.52,,,,Chocolate glace icing,26.75,2.04,0.0,Indian
145.55,10.22,6.98,8.41,4.85,3.08,73.15,102.72,,,Veg paneer stew,,160.51,1.37,32.41,Indian
48.03,4.58,2.99,1.99,3.34,0.88,121.32,27.42,,,Cold cucumber soup (Thanda kheere ka soup),,99.79,0.32,5.05,Indian
16.9,0.59,0.11,1.56,0.22,0.16,287.15,5.63,,,Cold tomato soup,,4.2,0.1,10.09,Indian
56.72,3.98,2.89,3.2,3.34,0.79,31.16,,,,Spinach soup in milk,,106.1,1.08,,Indian
24.9,5.23,0.17,0.51,5.14,0.16,0.29,0.82,Kashmiri tea (Kehwa),,,,3.19,0.07,0.06,Indian
79.95,7.95,5.04,3.36,7.12,0.1,301.07,,,,,Curd dip,167.17,0.25,,Indian
665.67,7.32,0.37,70.46,4.37,0.65,86.87,8.97,,,,Banana chips (Kele ke chips),2.01,0.19,4.03,Indian
28.32,1.63,14.48,12.59,0.27,0.47,12205.33,13.45,,,Chicken sweet corn soup,,91.5,3.83,2.02,Indian
159.53,27.47,4.85,3.04,1.22,4.91,97.18,11.79,,Poshtik chilla/cheela,,,18.18,2.1,0.58,Indian
441.84,48.02,5.44,25.45,19.79,4.27,3.93,4.01,,,,Semolina ladoo with nuts (Suji/Rava ladoo with nuts),18.04,1.81,0.03,Indian
162.02,20.73,3.79,7.01,7.85,1.21,93.09,8.42,Jam and fruit pancake,,,,54.06,0.52,6.48,Indian
68.91,6.26,3.45,3.34,5.87,0.84,87.08,33.72,,,Whey soup,,164.92,0.55,2.55,Indian
107.09,9.11,2.09,7.09,9.03,0.09,17.27,19.39,,,,Fruit delight,71.69,0.15,7.74,Indian
78.65,3.68,10.13,13.8,1.94,0.91,8376.94,38.67,,,Almond soup (Badam ka soup),,114.95,2.83,7.68,Indian
354.11,46.88,6.3,16.27,27.56,0.71,138.48,8.85,,Marble cake,,,39.6,1.12,0.08,Indian
35.63,4.17,10.12,12.78,0.77,1.94,11088.14,48.58,,,Talaumein soup,,42.33,2.23,12.62,Indian
102.83,3.76,6.1,7.02,1.95,1.53,218.05,40.85,Indian style egg bhujia (Anda bhujia (Indian style)),,,,31.9,1.14,13.56,Indian
28.32,1.63,14.48,12.59,0.27,0.47,12205.33,13.45,,,Chicken sweet corn soup,,91.5,3.83,2.02,Indian
49.19,2.65,8.57,14.08,0.46,1.86,9919.62,43.26,,,Cold summer garden soup,,43.93,2.13,16.3,Indian
16.26,2.69,0.44,0.39,0.1,0.43,35.99,6.77,,Potato canjee (Aloo canjee),,,5.21,0.22,7.72,Indian
47.94,1.19,11.47,12.02,0.54,1.57,8953.64,11.38,,,Chicken consomme (Clear chicken soup),,35.48,1.82,2.1,Indian
665.67,7.32,0.37,70.46,4.37,0.65,86.87,8.97,,,,Banana chips (Kele ke chips),2.01,0.19,4.03,Indian
80.07,3.45,4.79,12.22,1.44,1.96,5135.74,43.91,,,Clear tomato soup (Tamatar ka soup),,29.05,1.14,53.16,Indian
665.67,7.32,0.37,70.46,4.37,0.65,86.87,8.97,,,,Banana chips (Kele ke chips),2.01,0.19,4.03,Indian
100.92,9.74,3.48,5.13,1.86,3.61,154.83,88.11,,Pea potato curry (Aloo matar),,,21.1,1.02,70.01,Indian
222.37,16.2,5.55,14.96,1.5,0.56,132.28,,,Choux pastry,,,19.43,0.83,,Indian
9.09,1.86,0.17,0.11,1.46,0.46,189.6,3.14,,,,Cumin infused water (Jeere/Zeere ka pani),10.84,0.32,3.61,Indian
177.7,15.41,4.47,11.25,15.33,0.0,36.79,43.75,,,,Chocolate ice cream,84.24,0.47,4.06,Indian
135.77,11.11,3.43,8.5,1.66,1.2,354.5,9.99,,Baked potato with skin,,,90.06,0.5,11.88,Indian
100.55,2.36,6.9,6.99,1.21,1.14,76.02,49.49,,Chicken and tomato towers,,,17.54,0.77,56.69,Indian
187.53,17.22,6.37,10.86,15.31,0.0,47.77,32.45,,,,Cold chocolate souffle,62.91,0.68,1.3,Indian
18.84,1.86,1.35,0.72,1.84,0.02,65.4,18.07,Lassi (salted),,,,47.78,0.04,1.02,Indian
699.53,6.52,1.56,74.07,1.21,1.07,73.17,9.36,,Semolina carrot vada (Suji gajar vada),,,26.47,0.36,0.95,Indian
59.65,4.93,6.84,9.05,2.1,2.14,5655.45,54.46,,,Cream of mixed vegetable soup,,65.26,1.36,39.02,Indian
243.37,32.24,7.05,10.12,22.34,0.32,46.54,17.22,,,,Chocolate pastry,50.7,1.44,0.25,Indian
32.59,3.03,10.54,14.26,0.29,1.98,12088.21,150.94,,,Spinach soup (Palak ka soup),,56.23,2.68,30.99,Indian
68.91,6.26,3.45,3.34,5.87,0.84,87.08,33.72,,,Whey soup,,164.92,0.55,2.55,Indian
263.2,43.21,1.91,10.39,42.06,0.0,2.8,0.63,,,,Chocolate sauce,18.8,1.13,0.0,Indian
484.31,1.43,5.21,56.57,0.37,0.57,4249.41,20.33,,,Chinese cabbage and meat ball soup,,41.07,1.52,16.72,Indian
37.32,3.12,6.72,9.77,1.79,2.34,7311.44,53.08,,,Curried Cauliflower soup,,37.25,2.12,51.86,Indian
301.91,29.06,4.49,19.01,19.72,0.29,100.32,25.81,,,,Steamed cake with chocolate sauce,67.76,0.85,1.81,Indian
558.76,11.23,0.56,56.97,0.1,0.54,48.17,9.09,,Sago cutlet/vadas (Sabudana cutlet/vadas),,,5.43,0.38,13.39,Indian
133.0,6.24,8.43,8.14,1.82,2.96,148.38,85.14,,Pea keema curry (Matar keema ki sabzi),,,35.6,1.35,55.62,Indian
21.32,0.25,1.95,1.38,0.14,0.09,44.6,6.33,,Brown stock,,,17.16,0.3,1.5,Indian
123.87,0.37,11.98,8.19,0.05,0.3,1163.07,24.77,Poached egg,,,,48.24,1.75,0.0,Indian
286.5,30.42,3.35,16.83,9.79,1.31,49.65,6.05,,,,Fruit puree tart,19.64,0.63,2.6,Indian
147.05,5.85,5.73,11.21,3.44,0.3,268.69,42.67,,,Baked potato soup,,106.56,0.27,18.93,Indian
239.42,26.22,4.24,13.5,17.34,0.33,85.88,18.34,,,,Chocolate eclairs,34.21,0.68,0.4,Indian
112.93,14.6,4.84,4.05,10.87,0.17,44.16,24.69,,Meringue and rice pudding,,,85.43,0.37,3.02,Indian
299.74,39.59,7.85,13.41,37.85,0.49,83.04,24.67,Egg halwa (Ande ka halwa),,,,35.77,1.45,0.0,Indian
211.96,29.59,3.55,9.48,20.68,0.53,171.36,18.08,,,,Chocolate pudding,64.56,0.6,0.75,Indian
35.63,4.17,10.12,12.78,0.77,1.94,11088.14,48.58,,,Talaumein soup,,42.33,2.23,12.62,Indian
96.04,4.18,10.61,4.15,1.43,0.54,378.14,103.7,,,Ham and Bean soup,,20.52,0.88,22.31,Indian
155.97,1.35,10.29,12.21,1.08,0.24,374.66,25.82,Scrambled egg (Ande ki bhurji),,,,64.59,1.42,0.3,Indian
113.21,15.88,3.43,4.2,12.88,0.51,22.66,17.54,,Semolina kheer (Suji/Rava kheer),,,105.99,0.34,4.06,Indian
33.07,6.48,0.91,0.3,4.68,1.9,177.97,,,Tomato ketchup,,,15.33,0.36,,Indian
443.07,43.06,7.57,27.16,18.27,1.88,88.17,2.72,Coffee drops,,,,57.09,1.48,0.03,Indian
93.3,7.41,3.87,5.16,1.82,3.86,155.48,84.49,,Pea mushroom curry (Matar mushroom),,,22.7,0.97,58.44,Indian
140.66,23.77,5.11,2.79,12.23,2.37,24.63,,Sweet wheat porridge (Sweet dalia),,,,99.18,1.98,,Indian
495.19,11.15,1.9,49.38,1.46,1.32,128.78,8.87,Sesame toast,,,,43.44,0.72,6.92,Indian
306.08,26.97,6.01,19.76,18.83,0.29,44.53,8.91,,,,Chocolate swiss roll,42.79,1.08,0.19,Indian
239.42,26.22,4.24,13.5,17.34,0.33,85.88,18.34,,,,Chocolate eclairs,34.21,0.68,0.4,Indian
188.26,10.84,7.96,12.19,10.3,0.0,51.71,31.64,,,,Rich chocolate mousse,54.59,0.97,0.7,Indian
520.62,40.06,9.49,36.28,24.28,3.95,181.68,51.65,,Sunflower cookies,,,70.45,2.21,0.0,Indian
28.32,1.63,14.48,12.59,0.27,0.47,12205.33,13.45,,,Chicken sweet corn soup,,91.5,3.83,2.02,Indian
68.49,9.33,1.93,2.75,9.2,0.42,16.65,20.84,Pineapple milkshake with ice cream (Ananas milkshake ice cream ke saath),,,,68.78,0.12,18.32,Indian
382.34,44.44,3.48,21.73,27.21,2.96,2.18,7.46,,Shahi suji halwa,,,18.64,0.98,0.02,Indian
230.52,9.53,6.85,18.16,8.99,0.0,48.64,33.07,,,,Creamy chocolate mousse,45.25,0.96,0.75,Indian
96.04,4.18,10.61,4.15,1.43,0.54,378.14,103.7,,,Ham and Bean soup,,20.52,0.88,22.31,Indian
10.34,2.7,0.03,0.01,2.7,0.0,0.23,1.28,Iced tea,,,,1.18,0.02,5.95,Indian
98.56,2.23,4.97,7.72,0.82,1.15,117.29,48.39,Deviled egg,,,,36.84,1.51,18.42,Indian
651.75,2.77,3.36,69.69,0.17,0.29,72.73,31.65,,,,Fried fish and Chips (English Style) (Tali hui machli aur chips),6.56,0.26,22.16,Indian
335.61,45.14,6.01,15.18,27.58,0.64,241.93,9.21,,,,Chocolate cake,41.13,1.08,0.15,Indian
698.17,4.39,3.53,74.02,0.35,2.2,88.72,57.9,,Soyabean tikki,,,29.23,1.04,6.71,Indian
59.77,5.69,8.27,12.35,1.77,1.98,8694.79,37.89,,,Cream of carrot soup,,57.24,1.73,10.68,Indian
171.46,16.05,4.37,10.38,14.03,0.33,38.78,15.6,,,,Fruit Ice cream (Phalon ka Ice cream),93.35,0.36,4.02,Indian
103.51,15.61,1.68,4.17,14.38,0.26,13.23,20.91,,Frozen frosty fruit salad (Phalon ka salaad),,,28.61,0.41,33.45,Indian
301.91,29.06,4.49,19.01,19.72,0.29,100.32,25.81,,,,Steamed cake with chocolate sauce,67.76,0.85,1.81,Indian
164.58,19.57,3.29,7.84,1.33,2.52,191.28,35.76,,Masala dosa,,,15.58,0.79,14.14,Indian
98.56,2.23,4.97,7.72,0.82,1.15,117.29,48.39,Deviled egg,,,,36.84,1.51,18.42,Indian
59.77,5.69,8.27,12.35,1.77,1.98,8694.79,37.89,,,Cream of carrot soup,,57.24,1.73,10.68,Indian
55.99,8.22,11.26,12.57,1.45,2.82,10918.83,26.39,,,Millet soup,,65.21,2.74,4.23,Indian
34.18,6.51,0.63,0.7,5.75,1.03,127.45,5.65,,,,Woodapple juice (Bel ka sharbat),11.85,0.12,18.36,Indian
35.63,4.17,10.12,12.78,0.77,1.94,11088.14,48.58,,,Talaumein soup,,42.33,2.23,12.62,Indian
23.16,3.65,0.64,0.75,3.62,0.0,4.92,5.6,Instant coffee,,,,20.87,0.06,1.51,Indian
677.19,6.04,1.9,71.84,0.22,1.03,63.38,109.12,,Potato pakora/pakoda (Aloo pakoda),,,6.59,0.38,18.53,Indian
117.29,23.19,3.26,1.06,13.84,1.44,9.64,21.48,Lentils and semolina porridge (Dal suji porridge/daliya),,,,44.74,1.22,0.8,Indian
372.95,48.29,5.49,16.88,27.45,1.49,64.84,17.06,,Christmas cake,,,40.98,1.32,8.51,Indian
147.05,5.85,5.73,11.21,3.44,0.3,268.69,42.67,,,Baked potato soup,,106.56,0.27,18.93,Indian
241.27,4.8,3.01,23.44,4.39,0.41,119.58,7.03,,,,Mayonnaise vegetable dip,91.42,0.28,4.58,Indian
667.73,5.49,2.96,70.4,1.78,0.97,79.0,18.3,,Dahi vadas/Dahi bhalla,,,49.03,0.49,0.57,Indian
107.09,9.11,2.09,7.09,9.03,0.09,17.27,19.39,,,,Fruit delight,71.69,0.15,7.74,Indian
36.12,9.38,0.14,0.03,9.25,0.06,2.63,24.57,,,,Fruit Punch (with fresh juices),5.07,0.1,41.44,Indian
90.95,3.97,5.21,5.88,1.47,2.4,194.22,88.46,,Cauliflower basket,,,100.19,0.92,71.55,Indian
259.31,27.63,4.88,14.52,11.39,0.66,94.95,51.7,,Lemon chiffon pie,,,34.43,0.61,7.18,Indian
84.92,3.4,3.36,6.45,1.97,0.55,110.12,41.14,Beetroot and egg salad (Chukandar aur ande ka salad),,,,18.13,0.55,6.0,Indian
84.92,3.4,3.36,6.45,1.97,0.55,110.12,41.14,Beetroot and egg salad (Chukandar aur ande ka salad),,,,18.13,0.55,6.0,Indian
158.85,0.59,13.28,11.51,0.1,0.39,227.97,54.24,Spinach mushroom scrambled egg (Palak mushroom bhurji),,,,140.31,1.6,2.27,Indian
124.56,8.47,2.46,8.94,3.83,5.44,81.5,108.12,,Avial,,,31.9,1.01,94.64,Indian
205.63,1.68,9.69,17.82,1.07,0.93,400.29,32.02,Cheese and mushroom omelette/omlet,,,,148.77,1.01,0.48,Indian
90.01,9.02,3.43,4.61,8.86,0.0,36.04,13.41,,,,Hot chocolate,113.63,0.33,3.62,Indian
117.52,4.03,5.38,8.81,1.9,2.09,142.12,44.73,Egg curry (Anda curry),,,,41.59,1.52,19.03,Indian
295.11,49.32,8.29,7.99,0.82,8.57,149.63,6.32,Namkeen daliya,,,,35.98,2.99,6.88,Indian
108.06,10.32,2.27,6.26,2.2,6.77,219.17,12.47,,,Lemon coriander soup,,102.57,3.47,8.6,Indian
117.33,3.91,16.0,4.15,1.18,1.18,503.44,4.62,,Fish tikka,,,31.98,1.41,0.9,Indian
100.54,3.45,5.21,13.31,1.13,1.74,4429.81,298.06,,,Cream of spinach soup,,70.77,2.1,63.34,Indian
117.29,23.19,3.26,1.06,13.84,1.44,9.64,21.48,Lentils and semolina porridge (Dal suji porridge/daliya),,,,44.74,1.22,0.8,Indian
59.65,4.93,6.84,9.05,2.1,2.14,5655.45,54.46,,,Cream of mixed vegetable soup,,65.26,1.36,39.02,Indian
67.82,9.15,1.95,2.75,9.0,0.16,16.65,21.34,Orange milkshake with ice cream (Narangi milkshake ice cream ke saath),,,,69.8,0.19,20.86,Indian
194.66,1.68,8.93,16.84,1.68,0.0,340.92,28.86,Orange omelette/omlet,,,,37.33,1.26,7.2,Indian
37.32,3.12,6.72,9.77,1.79,2.34,7311.44,53.08,,,Curried Cauliflower soup,,37.25,2.12,51.86,Indian
107.18,16.02,5.27,2.89,15.81,0.08,73.61,50.44,Sweetened yogurt (Shrikhand),,,,183.02,0.17,2.79,Indian
89.53,13.92,4.45,2.01,2.65,2.84,79.73,380.59,,,Garlic chickpea soup (Lahasun aur chane ka shoraba),,13.93,0.96,13.24,Indian
125.59,6.31,1.75,10.35,3.73,1.96,312.86,27.6,,,Gravy for kofta,,39.65,0.75,17.05,Indian
32.25,3.56,0.99,1.63,0.9,0.31,22.35,50.13,,,Sweet corn soup,,3.72,0.41,10.33,Indian
89.53,13.92,4.45,2.01,2.65,2.84,79.73,380.59,,,Garlic chickpea soup (Lahasun aur chane ka shoraba),,13.93,0.96,13.24,Indian
531.86,5.61,5.1,54.47,0.31,0.4,95.81,8.86,,Minced meat cutlet,,,20.82,0.63,1.81,Indian
40.05,2.08,0.47,3.2,1.47,1.19,45.5,35.73,,,Pumpkin soup,,12.17,0.19,11.5,Indian
441.84,48.02,5.44,25.45,19.79,4.27,3.93,4.01,,,,Semolina ladoo with nuts (Suji/Rava ladoo with nuts),18.04,1.81,0.03,Indian
60.2,6.14,8.1,12.05,1.24,1.51,8503.99,33.19,,,Cream of potato soup,,51.97,1.7,28.86,Indian
166.93,1.57,11.37,12.89,0.41,0.02,166.42,81.65,Corn omelette/omlet,,,,96.22,1.34,2.9,Indian
96.04,4.18,10.61,4.15,1.43,0.54,378.14,103.7,,,Ham and Bean soup,,20.52,0.88,22.31,Indian
190.27,27.6,1.33,8.81,26.64,2.97,8.09,27.9,,Pumpkin halwa (Kaddu ka halwa),,,24.34,0.63,8.08,Indian
36.13,4.72,2.09,0.93,2.28,1.66,141.73,21.36,Cucumber and yogurt salad (Kheere aur dahi ka salad),,,,68.49,0.52,6.74,Indian
117.28,3.74,6.64,15.5,1.93,1.34,5276.06,30.72,,,Cream of mushroom soup,,70.56,1.81,5.79,Indian
59.65,4.93,6.84,9.05,2.1,2.14,5655.45,54.46,,,Cream of mixed vegetable soup,,65.26,1.36,39.02,Indian
391.9,44.31,9.46,19.19,15.94,7.3,8.07,13.1,,,,Wheat flour and nuts ladoos (Atta nuts ladoos),127.29,4.01,0.0,Indian
55.99,8.22,11.26,12.57,1.45,2.82,10918.83,26.39,,,Millet soup,,65.21,2.74,4.23,Indian
37.32,3.12,6.72,9.77,1.79,2.34,7311.44,53.08,,,Curried Cauliflower soup,,37.25,2.12,51.86,Indian
34.18,6.51,0.63,0.7,5.75,1.03,127.45,5.65,,,,Woodapple juice (Bel ka sharbat),11.85,0.12,18.36,Indian
147.05,5.85,5.73,11.21,3.44,0.3,268.69,42.67,,,Baked potato soup,,106.56,0.27,18.93,Indian
425.29,57.98,5.79,19.38,30.29,1.05,278.29,2.62,,,,Chocolate chip cookies,24.76,1.22,0.0,Indian
37.32,3.12,6.72,9.77,1.79,2.34,7311.44,53.08,,,Curried Cauliflower soup,,37.25,2.12,51.86,Indian
339.09,72.59,10.59,3.28,1.52,8.21,206.28,,Channa murmura premix,,,,21.36,4.58,,Indian
239.86,39.54,9.13,5.51,25.0,0.52,61.47,19.87,,,,Chocolate sponge cake,33.99,1.81,0.0,Indian
117.33,14.95,3.59,5.12,9.97,0.78,26.55,43.87,Cornflakes with milk,,,,106.47,0.42,4.82,Indian
484.31,1.43,5.21,56.57,0.37,0.57,4249.41,20.33,,,Chinese cabbage and meat ball soup,,41.07,1.52,16.72,Indian
155.97,1.35,10.29,12.21,1.08,0.24,374.66,25.82,Scrambled egg (Ande ki bhurji),,,,64.59,1.42,0.3,Indian
23.16,3.65,0.64,0.75,3.62,0.0,4.92,5.6,Instant coffee,,,,20.87,0.06,1.51,Indian
188.6,25.77,4.8,8.0,1.64,2.45,362.64,12.96,,Cucumber sandwich (Kheere ka sandwich),,,87.84,1.02,1.53,Indian
146.85,5.88,5.97,11.08,3.19,0.12,51.54,,Egg sauce,,,,89.49,0.65,,Indian
80.07,3.45,4.79,12.22,1.44,1.96,5135.74,43.91,,,Clear tomato soup (Tamatar ka soup),,29.05,1.14,53.16,Indian
127.55,4.44,7.19,8.91,1.43,1.82,79.62,36.31,,,Chicken stew,,31.53,0.9,20.89,Indian
462.02,11.32,1.91,45.3,0.8,1.26,143.53,11.68,,Onion tomato uttapam,,,5.82,0.36,4.78,Indian
56.9,7.23,1.73,2.35,7.15,0.26,13.27,53.68,Mango milkshake (Aam milkshake),,,,62.33,0.15,20.1,Indian
32.75,5.72,0.56,1.0,5.52,0.26,23.2,12.64,,,,Coco pine cooler,17.81,0.13,10.67,Indian
339.09,72.59,10.59,3.28,1.52,8.21,206.28,,Channa murmura premix,,,,21.36,4.58,,Indian
263.2,43.21,1.91,10.39,42.06,0.0,2.8,0.63,,,,Chocolate sauce,18.8,1.13,0.0,Indian
172.64,18.53,3.11,9.73,16.85,2.65,39.96,44.8,,Carrot halwa (Gajar ka halwa),,,106.94,0.76,6.53,Indian
226.09,26.21,6.7,11.1,22.88,0.12,54.11,30.6,,,,Hot chocolate souffle,60.19,1.08,0.9,Indian
188.15,0.08,8.82,16.84,0.08,0.0,340.53,24.66,Puffy omelette/omlet,,,,34.96,1.2,0.0,Indian
286.5,30.42,3.35,16.83,9.79,1.31,49.65,6.05,,,,Fruit puree tart,19.64,0.63,2.6,Indian
59.65,4.93,6.84,9.05,2.1,2.14,5655.45,54.46,,,Cream of mixed vegetable soup,,65.26,1.36,39.02,Indian
23.13,5.99,0.07,0.02,5.88,0.17,2.26,9.13,,,,Fruit Punch (with squashes),3.3,0.06,15.08,Indian
36.12,9.38,0.14,0.03,9.25,0.06,2.63,24.57,,,,Fruit Punch (with fresh juices),5.07,0.1,41.44,Indian
11.88,1.76,0.34,0.34,0.51,0.73,207.89,24.84,,,Cold cucumber cream soup,,8.02,0.16,14.72,Indian
278.58,7.61,1.55,27.61,0.36,3.7,86.38,2.09,,Gooseberry pickle (Amla ka achaar),,,31.17,1.04,4.85,Indian
23.13,5.99,0.07,0.02,5.88,0.17,2.26,9.13,,,,Fruit Punch (with squashes),3.3,0.06,15.08,Indian
239.86,39.54,9.13,5.51,25.0,0.52,61.47,19.87,,,,Chocolate sponge cake,33.99,1.81,0.0,Indian
119.56,5.34,7.97,7.57,2.49,1.92,104.01,105.46,,Broccoli chicken ala king,,,73.36,0.78,79.81,Indian
295.11,49.32,8.29,7.99,0.82,8.57,149.63,6.32,Namkeen daliya,,,,35.98,2.99,6.88,Indian
203.36,20.49,5.68,10.82,3.32,0.65,143.7,5.43,Pancake,,,,79.49,0.69,0.5,Indian
143.73,16.38,5.95,5.77,2.49,5.83,354.6,112.28,,Kidney bean curry (Rajmah curry),,,47.87,2.27,16.33,Indian
163.7,4.07,9.82,12.02,2.86,0.96,142.56,65.41,,Shahi chicken masala,,,82.68,0.89,9.92,Indian
132.11,3.99,2.64,11.56,1.71,5.27,286.06,59.84,,Cauliflower with coconut (Nariyal ke saath phoolgobhi),,,35.37,1.33,51.79,Indian
469.59,61.72,3.21,24.77,59.82,0.0,4.99,1.22,,,,Chocolate butter icing,31.87,1.85,0.0,Indian
230.52,9.53,6.85,18.16,8.99,0.0,48.64,33.07,,,,Creamy chocolate mousse,45.25,0.96,0.75,Indian
59.9,7.15,1.56,2.72,1.82,1.19,51.99,44.72,,Curd with potatoes (Dahi aloo),,,36.36,0.47,42.93,Indian
93.37,15.64,3.04,1.88,0.26,2.0,41.67,65.43,,Poshtik khichdi/khichri,,,30.41,1.0,25.77,Indian
60.88,6.55,1.26,3.24,4.31,2.2,1281.94,,,Sweet and sour tomato pickle (Khatta meetha tamatar ka achaar),,,15.18,0.54,,Indian
239.86,39.54,9.13,5.51,25.0,0.52,61.47,19.87,,,,Chocolate sponge cake,33.99,1.81,0.0,Indian
177.7,15.41,4.47,11.25,15.33,0.0,36.79,43.75,,,,Chocolate ice cream,84.24,0.47,4.06,Indian
484.31,1.43,5.21,56.57,0.37,0.57,4249.41,20.33,,,Chinese cabbage and meat ball soup,,41.07,1.52,16.72,Indian
238.09,18.36,9.41,13.91,0.99,3.44,140.62,11.49,,Keema parantha/paratha,,,19.35,1.8,1.8,Indian
782.75,14.26,2.12,79.63,7.15,1.54,2.57,18.38,,Sweet poori (Meethi poori),,,34.24,1.13,0.0,Indian
95.43,14.62,2.51,2.99,11.35,0.71,16.99,,,Mashed banana with milk,,,78.64,0.23,,Indian
339.33,33.15,13.0,17.86,32.38,0.0,39.32,23.85,,,,Chocolate burfi,466.48,2.12,0.0,Indian
263.2,43.21,1.91,10.39,42.06,0.0,2.8,0.63,,,,Chocolate sauce,18.8,1.13,0.0,Indian
26.64,1.1,12.93,13.52,0.6,0.81,12418.84,28.19,Egg drop soup,,,,100.14,3.93,8.51,Indian
127.84,6.75,7.13,14.78,1.61,2.95,4999.7,88.58,,,Cream of green peas soup,,51.01,1.48,52.28,Indian
111.68,2.13,10.57,6.71,0.93,1.42,104.83,24.19,,Tomato chicken,,,21.24,0.87,24.53,Indian
35.66,6.51,1.29,0.68,6.51,0.0,18.31,18.0,Sweet Lassi (Meethi lassi),,,,45.65,0.03,1.0,Indian
84.92,3.4,3.36,6.45,1.97,0.55,110.12,41.14,Beetroot and egg salad (Chukandar aur ande ka salad),,,,18.13,0.55,6.0,Indian
150.62,14.09,3.15,9.43,13.35,0.0,42.09,7.18,Coffee ice cream,,,,95.72,0.15,2.16,Indian
16.9,0.59,0.11,1.56,0.22,0.16,287.15,5.63,,,Cold tomato soup,,4.2,0.1,10.09,Indian
109.79,2.86,6.82,7.85,1.27,1.49,170.06,33.86,,Minced meat ball curry,,,23.84,1.01,20.62,Indian
49.19,2.65,8.57,14.08,0.46,1.86,9919.62,43.26,,,Cold summer garden soup,,43.93,2.13,16.3,Indian
102.6,21.18,2.81,0.51,15.88,4.33,391.66,10.89,,Mint and coriander chutney (Pudinay aur dhaniye ki chutney),,,107.45,4.76,3.62,Indian
189.32,14.74,7.88,11.36,12.69,0.0,56.07,31.85,,,,Chocolate souffle,71.55,0.71,1.3,Indian
214.76,28.8,4.98,9.17,15.03,0.37,80.77,23.21,,,,Chocolate meringue pie,55.98,0.92,1.26,Indian
80.07,3.45,4.79,12.22,1.44,1.96,5135.74,43.91,,,Clear tomato soup (Tamatar ka soup),,29.05,1.14,53.16,Indian
211.04,0.41,10.03,18.86,0.1,0.38,381.85,25.79,French omelette/omlet,,,,46.35,1.58,0.48,Indian
665.67,7.32,0.37,70.46,4.37,0.65,86.87,8.97,,,,Banana chips (Kele ke chips),2.01,0.19,4.03,Indian
97.81,3.93,4.61,13.12,1.81,1.38,4461.22,44.01,,,Cream of tomato soup,,39.61,0.95,53.23,Indian
427.17,59.26,5.1,19.34,34.72,0.9,126.84,2.42,,,,Chocolate cream shells,28.53,1.08,0.0,Indian
55.61,4.28,11.41,14.39,1.5,1.01,11202.89,24.85,,,French onion soup,,106.22,3.52,5.35,Indian
188.15,0.08,8.82,16.84,0.08,0.0,340.53,24.66,Puffy omelette/omlet,,,,34.96,1.2,0.0,Indian
127.55,4.44,7.19,8.91,1.43,1.82,79.62,36.31,,,Chicken stew,,31.53,0.9,20.89,Indian
53.8,5.05,2.21,2.62,0.57,2.32,126.12,51.6,,Whole urad (Urad ki dal),,,13.07,0.78,10.28,Indian
261.35,34.71,3.3,12.48,9.52,0.71,110.04,33.99,,,,Fruit flan,19.28,0.61,3.3,Indian
233.55,34.48,6.09,8.46,21.35,0.54,53.43,16.28,,Black forest pastry,,,44.15,0.92,0.91,Indian
205.19,10.79,3.33,17.72,5.66,5.72,486.27,159.08,,Schezwan chutney,,,35.46,1.96,26.36,Indian
306.08,26.97,6.01,19.76,18.83,0.29,44.53,8.91,,,,Chocolate swiss roll,42.79,1.08,0.19,Indian
127.55,4.44,7.19,8.91,1.43,1.82,79.62,36.31,,,Chicken stew,,31.53,0.9,20.89,Indian
299.74,39.59,7.85,13.41,37.85,0.49,83.04,24.67,Egg halwa (Ande ka halwa),,,,35.77,1.45,0.0,Indian
67.85,11.24,1.57,2.11,11.18,0.01,13.84,9.49,Cold coffee with ice cream,,,,53.29,0.12,2.53,Indian
243.32,26.92,7.92,12.27,2.85,1.97,549.71,12.18,,Cheese and tomato sandwich (Cheese aur tamatar ke sandwich),,,191.2,1.0,3.16,Indian
484.31,1.43,5.21,56.57,0.37,0.57,4249.41,20.33,,,Chinese cabbage and meat ball soup,,41.07,1.52,16.72,Indian
59.13,6.35,4.04,2.08,5.22,0.86,189.96,26.92,,Cucumber raita (Kheere ka raita),,,138.58,0.29,5.65,Indian
339.33,33.15,13.0,17.86,32.38,0.0,39.32,23.85,,,,Chocolate burfi,466.48,2.12,0.0,Indian
495.19,11.15,1.9,49.38,1.46,1.32,128.78,8.87,Sesame toast,,,,43.44,0.72,6.92,Indian
241.27,4.8,3.01,23.44,4.39,0.41,119.58,7.03,,,,Mayonnaise vegetable dip,91.42,0.28,4.58,Indian
116.04,8.18,12.01,10.48,1.29,0.7,4942.18,12.77,Minced meat pancake (with chicken),,,,64.72,1.99,2.14,Indian
47.85,2.42,3.22,2.8,1.98,0.28,68.03,106.5,,,Paneer soup,,82.76,0.3,7.59,Indian
436.29,62.43,3.22,20.8,59.88,0.0,8.66,1.52,,,,Chocolate glace icing,26.75,2.04,0.0,Indian
24.9,5.23,0.17,0.51,5.14,0.16,0.29,0.82,Kashmiri tea (Kehwa),,,,3.19,0.07,0.06,Indian
41.13,1.87,12.39,17.07,0.84,1.8,13695.35,20.27,,,Cheese soup,,83.65,2.4,5.29,Indian
758.89,7.63,2.08,80.04,0.25,1.39,74.88,34.83,Gram flour and semolina chilla/cheela/savory pancake (Besan suji chilla/cheela),,,,12.13,0.67,3.8,Indian
31.17,3.94,9.65,11.68,1.06,2.57,10418.84,34.92,,,Lentil soup,,40.57,2.26,17.9,Indian
108.06,10.32,2.27,6.26,2.2,6.77,219.17,12.47,,,Lemon coriander soup,,102.57,3.47,8.6,Indian
117.28,3.74,6.64,15.5,1.93,1.34,5276.06,30.72,,,Cream of mushroom soup,,70.56,1.81,5.79,Indian
383.33,65.04,10.8,8.33,26.54,4.51,12.33,11.87,Rice dal porridge (Chawal dal ki khichdi/khichri),,,,50.46,2.76,0.0,Indian
31.51,1.78,3.12,1.31,0.66,0.6,163.26,39.83,,,Hot and sour soup,,10.68,0.43,24.59,Indian
434.98,42.9,5.78,27.16,20.76,3.64,105.76,2.51,,Coconut biscuit (Nariyal ke biscuit),,,37.81,1.32,0.03,Indian
36.12,9.38,0.14,0.03,9.25,0.06,2.63,24.57,,,,Fruit Punch (with fresh juices),5.07,0.1,41.44,Indian
188.15,0.08,8.82,16.84,0.08,0.0,340.53,24.66,Puffy omelette/omlet,,,,34.96,1.2,0.0,Indian
189.32,14.74,7.88,11.36,12.69,0.0,56.07,31.85,,,,Chocolate souffle,71.55,0.71,1.3,Indian
84.92,3.4,3.36,6.45,1.97,0.55,110.12,41.14,Beetroot and egg salad (Chukandar aur ande ka salad),,,,18.13,0.55,6.0,Indian
107.18,16.02,5.27,2.89,15.81,0.08,73.61,50.44,Sweetened yogurt (Shrikhand),,,,183.02,0.17,2.79,Indian
213.19,36.15,4.27,5.45,31.67,1.7,16.85,20.9,,Banana groundnut paste/puree,,,74.93,1.9,3.02,Indian
140.66,23.77,5.11,2.79,12.23,2.37,24.63,,Sweet wheat porridge (Sweet dalia),,,,99.18,1.98,,Indian
96.04,4.18,10.61,4.15,1.43,0.54,378.14,103.7,,,Ham and Bean soup,,20.52,0.88,22.31,Indian
301.91,29.06,4.49,19.01,19.72,0.29,100.32,25.81,,,,Steamed cake with chocolate sauce,67.76,0.85,1.81,Indian
203.51,2.3,8.6,17.77,1.57,0.75,267.19,70.23,Stuffed egg omelette/omlet,,,,89.91,0.91,8.29,Indian
68.91,6.26,3.45,3.34,5.87,0.84,87.08,33.72,,,Whey soup,,164.92,0.55,2.55,Indian
176.27,9.56,9.01,11.25,2.2,0.84,125.4,12.23,Keema pancake,,,,40.96,0.93,4.64,Indian
211.04,0.41,10.03,18.86,0.1,0.38,381.85,25.79,French omelette/omlet,,,,46.35,1.58,0.48,Indian
140.66,23.77,5.11,2.79,12.23,2.37,24.63,,Sweet wheat porridge (Sweet dalia),,,,99.18,1.98,,Indian
186.19,9.64,7.56,13.49,2.81,1.07,434.68,133.95,,Spinach and paneer souffle,,,114.32,1.4,10.82,Indian
35.71,2.95,8.22,11.66,1.64,1.64,9202.27,31.61,,,Mixed vegetable soup,,50.69,1.74,20.06,Indian
222.11,25.9,7.66,10.51,2.09,1.77,423.26,16.33,Egg and tomato sandwich (Ande aur tamatar ka sandwich),,,,95.71,1.3,1.98,Indian
107.09,9.11,2.09,7.09,9.03,0.09,17.27,19.39,,,,Fruit delight,71.69,0.15,7.74,Indian
35.71,2.95,8.22,11.66,1.64,1.64,9202.27,31.61,,,Mixed vegetable soup,,50.69,1.74,20.06,Indian
758.89,7.63,2.08,80.04,0.25,1.39,74.88,34.83,Gram flour and semolina chilla/cheela/savory pancake (Besan suji chilla/cheela),,,,12.13,0.67,3.8,Indian
240.84,42.92,6.55,4.37,1.03,1.6,177.24,30.08,Home made egg noodles,,,,15.96,1.15,0.0,Indian
32.75,5.72,0.56,1.0,5.52,0.26,23.2,12.64,,,,Coco pine cooler,17.81,0.13,10.67,Indian
147.39,10.66,5.15,9.28,3.48,1.06,281.62,16.52,Cheese and tomato pancake,,,,127.51,0.64,9.72,Indian
240.84,42.92,6.55,4.37,1.03,1.6,177.24,30.08,Home made egg noodles,,,,15.96,1.15,0.0,Indian
49.19,2.65,8.57,14.08,0.46,1.86,9919.62,43.26,,,Cold summer garden soup,,43.93,2.13,16.3,Indian
736.81,5.22,3.34,78.77,0.49,6.01,177.58,,,Cumin seeds baghar (Jeera baghar/tadka),,,177.77,5.09,,Indian
68.49,9.33,1.93,2.75,9.2,0.42,16.65,20.84,Pineapple milkshake with ice cream (Ananas milkshake ice cream ke saath),,,,68.78,0.12,18.32,Indian
261.35,34.71,3.3,12.48,9.52,0.71,110.04,33.99,,,,Fruit flan,19.28,0.61,3.3,Indian
84.55,5.02,2.05,6.05,1.57,3.63,63.65,82.49,,Peas brinjal bhartha (Matar baingan bhartha),,,19.63,0.63,27.86,Indian
23.16,3.65,0.64,0.75,3.62,0.0,4.92,5.6,Instant coffee,,,,20.87,0.06,1.51,Indian
52.54,8.36,2.71,0.94,0.92,1.28,62.79,11.32,Lentils and wheat porridge (Dal wheat porridge/daliya ),,,,26.28,0.52,0.6,Indian
16.79,2.63,0.57,0.39,0.13,0.69,35.58,14.43,,Cauliflower potato canjee,,,6.78,0.28,15.57,Indian
52.54,8.36,2.71,0.94,0.92,1.28,62.79,11.32,Lentils and wheat porridge (Dal wheat porridge/daliya ),,,,26.28,0.52,0.6,Indian
718.12,5.52,3.27,76.05,1.08,0.89,131.7,143.43,,Paneer pakora/pakoda,,,43.38,0.43,0.07,Indian
676.89,1.91,4.05,72.62,0.3,0.36,90.67,30.63,Scotch egg,,,,15.03,0.6,2.59,Indian
16.9,0.59,0.11,1.56,0.22,0.16,287.15,5.63,,,Cold tomato soup,,4.2,0.1,10.09,Indian
37.32,3.12,6.72,9.77,1.79,2.34,7311.44,53.08,,,Curried Cauliflower soup,,37.25,2.12,51.86,Indian
123.16,32.34,0.14,0.03,28.61,0.0,216.89,,,Gooseberry marmalade (Amla murabba),,,16.4,0.38,,Indian
171.46,16.05,4.37,10.38,14.03,0.33,38.78,15.6,,,,Fruit Ice cream (Phalon ka Ice cream),93.35,0.36,4.02,Indian
78.4,10.56,2.5,2.98,7.04,0.48,65.33,19.51,Vermicelli porridge (Semiya/Seviyan porridge),,,,72.96,0.2,4.82,Indian
16.9,0.59,0.11,1.56,0.22,0.16,287.15,5.63,,,Cold tomato soup,,4.2,0.1,10.09,Indian
333.59,49.04,3.08,14.7,33.43,0.51,72.55,10.06,,Honey cake,,,50.86,0.46,0.53,Indian
187.49,13.9,10.45,10.36,2.74,0.11,238.55,61.02,,Chicken lasagne,,,119.98,0.64,4.23,Indian
150.18,6.27,7.36,10.52,0.89,1.44,244.07,172.47,,Spinach souffle,,,133.69,2.15,30.28,Indian
23.13,5.99,0.07,0.02,5.88,0.17,2.26,9.13,,,,Fruit Punch (with squashes),3.3,0.06,15.08,Indian
286.5,30.42,3.35,16.83,9.79,1.31,49.65,6.05,,,,Fruit puree tart,19.64,0.63,2.6,Indian
108.06,10.32,2.27,6.26,2.2,6.77,219.17,12.47,,,Lemon coriander soup,,102.57,3.47,8.6,Indian
335.75,2.07,3.84,34.7,0.75,0.6,57.44,44.36,Indian lamb and egg curry (Nargisi kofta),,,,12.91,0.55,7.67,Indian
127.84,6.75,7.13,14.78,1.61,2.95,4999.7,88.58,,,Cream of green peas soup,,51.01,1.48,52.28,Indian
23.13,5.99,0.07,0.02,5.88,0.17,2.26,9.13,,,,Fruit Punch (with squashes),3.3,0.06,15.08,Indian
230.52,9.53,6.85,18.16,8.99,0.0,48.64,33.07,,,,Creamy chocolate mousse,45.25,0.96,0.75,Indian
417.91,58.44,5.98,18.31,27.06,1.49,79.68,1.59,,Ginger biscuit (Adarak ke biscuit),,,25.97,2.2,0.0,Indian
56.14,3.72,8.97,12.75,1.59,1.89,8792.43,94.43,,,Cream of broccoli soup,,66.55,1.82,68.91,Indian
590.09,4.55,6.03,60.98,0.22,0.96,103.23,11.46,,Chicken pakora/pakoda,,,9.08,0.51,0.14,Indian
427.17,59.26,5.1,19.34,34.72,0.9,126.84,2.42,,,,Chocolate cream shells,28.53,1.08,0.0,Indian
214.76,28.8,4.98,9.17,15.03,0.37,80.77,23.21,,,,Chocolate meringue pie,55.98,0.92,1.26,Indian
263.2,43.21,1.91,10.39,42.06,0.0,2.8,0.63,,,,Chocolate sauce,18.8,1.13,0.0,Indian
54.73,5.36,1.92,2.8,1.36,1.49,124.1,19.33,,Khaman (dhokla),,,5.31,0.58,2.6,Indian
31.17,3.94,9.65,11.68,1.06,2.57,10418.84,34.92,,,Lentil soup,,40.57,2.26,17.9,Indian
335.75,2.07,3.84,34.7,0.75,0.6,57.44,44.36,Indian lamb and egg curry (Nargisi kofta),,,,12.91,0.55,7.67,Indian
241.27,4.8,3.01,23.44,4.39,0.41,119.58,7.03,,,,Mayonnaise vegetable dip,91.42,0.28,4.58,Indian
32.59,3.03,10.54,14.26,0.29,1.98,12088.21,150.94,,,Spinach soup (Palak ka soup),,56.23,2.68,30.99,Indian
609.14,12.87,5.12,60.08,0.53,2.35,53.19,59.29,,Sev (Omapodi/Karapusa),,,13.95,0.72,0.0,Indian
194.86,6.99,2.38,17.62,2.39,1.66,179.26,21.85,,,Garlic soup,,60.55,0.73,11.12,Indian
68.91,6.26,3.45,3.34,5.87,0.84,87.08,33.72,,,Whey soup,,164.92,0.55,2.55,Indian
158.85,0.59,13.28,11.51,0.1,0.39,227.97,54.24,Spinach mushroom scrambled egg (Palak mushroom bhurji),,,,140.31,1.6,2.27,Indian
10.34,2.7,0.03,0.01,2.7,0.0,0.23,1.28,Iced tea,,,,1.18,0.02,5.95,Indian
424.8,47.1,6.56,23.62,22.58,1.54,280.44,4.22,,,,Chocolate walnut cookies (Chocolate aur akhrot ke cookies),36.1,1.37,0.16,Indian
56.72,3.98,2.89,3.2,3.34,0.79,31.16,,,,Spinach soup in milk,,106.1,1.08,,Indian
49.19,2.65,8.57,14.08,0.46,1.86,9919.62,43.26,,,Cold summer garden soup,,43.93,2.13,16.3,Indian
108.06,10.32,2.27,6.26,2.2,6.77,219.17,12.47,,,Lemon coriander soup,,102.57,3.47,8.6,Indian
147.05,5.85,5.73,11.21,3.44,0.3,268.69,42.67,,,Baked potato soup,,106.56,0.27,18.93,Indian
508.32,7.82,2.41,52.08,1.83,0.59,104.14,115.96,,Spaghetti and cheese balls in tomato sauce,,,40.59,0.32,57.67,Indian
55.61,4.28,11.41,14.39,1.5,1.01,11202.89,24.85,,,French onion soup,,106.22,3.52,5.35,Indian
194.66,1.68,8.93,16.84,1.68,0.0,340.92,28.86,Orange omelette/omlet,,,,37.33,1.26,7.2,Indian
188.15,0.08,8.82,16.84,0.08,0.0,340.53,24.66,Puffy omelette/omlet,,,,34.96,1.2,0.0,Indian
59.77,5.69,8.27,12.35,1.77,1.98,8694.79,37.89,,,Cream of carrot soup,,57.24,1.73,10.68,Indian
55.99,8.22,11.26,12.57,1.45,2.82,10918.83,26.39,,,Millet soup,,65.21,2.74,4.23,Indian
261.35,34.71,3.3,12.48,9.52,0.71,110.04,33.99,,,,Fruit flan,19.28,0.61,3.3,Indian
203.99,19.36,2.88,13.22,16.88,0.15,51.11,13.85,Coffee pear alaska,,,,60.61,0.22,3.48,Indian
710.99,8.87,2.57,74.2,0.46,1.11,101.49,114.11,,Bread pakora/pakoda,,,19.83,0.46,0.01,Indian
322.42,46.86,3.93,13.31,31.18,4.13,3.87,32.22,,Date and nut pie,,,34.69,1.54,6.39,Indian
37.81,5.48,2.29,0.74,2.13,0.95,116.38,49.76,,Sprouted moong salad,,,54.56,1.45,27.84,Indian
86.35,10.44,2.76,3.86,10.12,0.63,20.99,26.95,,Pumpkin kheer (Kaddu ki kheer),,,95.61,0.24,8.06,Indian
610.93,2.96,1.44,66.12,2.18,0.42,256.95,,,Tartare sauce,,,21.06,0.56,,Indian
353.94,47.18,6.18,16.17,27.74,0.71,174.0,8.66,,Plain cream cake,,,41.95,1.02,0.08,Indian
280.99,32.33,5.6,15.36,15.08,3.71,59.21,207.15,Kiwi granola pudding,,,,62.2,1.45,65.34,Indian
396.02,34.43,12.21,24.09,33.37,3.08,31.71,27.31,,Khoa ladoo,,,358.61,2.25,0.02,Indian
443.09,64.82,6.03,17.98,23.31,1.57,145.0,1.62,,Short bread cookies,,,15.92,1.12,0.0,Indian
121.17,12.76,2.71,6.81,12.12,1.17,27.77,39.63,,Spinach burfi (Palak burfi),,,93.68,1.05,8.57,Indian
59.77,5.69,8.27,12.35,1.77,1.98,8694.79,37.89,,,Cream of carrot soup,,57.24,1.73,10.68,Indian
169.79,0.55,20.2,9.66,0.16,0.16,79.93,31.21,,Lemon chicken,,,17.4,0.95,8.94,Indian
31.51,1.78,3.12,1.31,0.66,0.6,163.26,39.83,,,Hot and sour soup,,10.68,0.43,24.59,Indian
203.51,2.3,8.6,17.77,1.57,0.75,267.19,70.23,Stuffed egg omelette/omlet,,,,89.91,0.91,8.29,Indian
271.98,27.32,6.98,15.29,16.47,1.65,101.0,19.12,Khoa and coconut pancake,,,,157.22,1.12,0.73,Indian
239.42,26.22,4.24,13.5,17.34,0.33,85.88,18.34,,,,Chocolate eclairs,34.21,0.68,0.4,Indian
239.42,26.22,4.24,13.5,17.34,0.33,85.88,18.34,,,,Chocolate eclairs,34.21,0.68,0.4,Indian
192.6,26.6,5.59,6.89,1.93,3.13,220.82,46.81,,Sprouted moong poha,,,28.39,2.43,19.24,Indian
11.88,1.76,0.34,0.34,0.51,0.73,207.89,24.84,,,Cold cucumber cream soup,,8.02,0.16,14.72,Indian
31.17,3.94,9.65,11.68,1.06,2.57,10418.84,34.92,,,Lentil soup,,40.57,2.26,17.9,Indian
66.78,8.65,2.06,2.83,8.61,0.0,16.34,12.65,Flavoured milkshake,,,,75.05,0.11,3.62,Indian
66.78,8.65,2.06,2.83,8.61,0.0,16.34,12.65,Flavoured milkshake,,,,75.05,0.11,3.62,Indian
118.93,15.04,4.91,4.58,3.1,2.16,49.35,137.41,,Dalma,,,54.28,2.1,36.63,Indian
23.13,5.99,0.07,0.02,5.88,0.17,2.26,9.13,,,,Fruit Punch (with squashes),3.3,0.06,15.08,Indian
48.03,4.58,2.99,1.99,3.34,0.88,121.32,27.42,,,Cold cucumber soup (Thanda kheere ka soup),,99.79,0.32,5.05,Indian
67.85,11.24,1.57,2.11,11.18,0.01,13.84,9.49,Cold coffee with ice cream,,,,53.29,0.12,2.53,Indian
123.87,0.37,11.98,8.19,0.05,0.3,1163.07,24.77,Poached egg,,,,48.24,1.75,0.0,Indian
16.9,0.59,0.11,1.56,0.22,0.16,287.15,5.63,,,Cold tomato soup,,4.2,0.1,10.09,Indian
370.55,39.56,7.79,20.69,9.8,0.42,3.06,179.08,,Lotus seed halwa (Kamal gattay ka halwa),,,82.84,1.8,0.06,Indian
32.25,3.56,0.99,1.63,0.9,0.31,22.35,50.13,,,Sweet corn soup,,3.72,0.41,10.33,Indian
59.65,4.93,6.84,9.05,2.1,2.14,5655.45,54.46,,,Cream of mixed vegetable soup,,65.26,1.36,39.02,Indian
214.85,11.71,4.16,17.02,11.69,0.0,37.72,21.98,Vanilla ice cream with egg,,,,77.42,0.34,2.13,Indian
184.56,48.88,0.15,0.06,48.88,0.0,15.01,,,Lemon squash (Nimbu ka squash),,,9.85,0.18,,Indian
176.27,9.56,9.01,11.25,2.2,0.84,125.4,12.23,Keema pancake,,,,40.96,0.93,4.64,Indian
60.2,6.14,8.1,12.05,1.24,1.51,8503.99,33.19,,,Cream of potato soup,,51.97,1.7,28.86,Indian
286.5,30.42,3.35,16.83,9.79,1.31,49.65,6.05,,,,Fruit puree tart,19.64,0.63,2.6,Indian
427.17,59.26,5.1,19.34,34.72,0.9,126.84,2.42,,,,Chocolate cream shells,28.53,1.08,0.0,Indian
436.29,62.43,3.22,20.8,59.88,0.0,8.66,1.52,,,,Chocolate glace icing,26.75,2.04,0.0,Indian
173.32,26.72,6.01,4.65,5.46,1.09,325.07,,,Poha with curd (Poha aur dahi),,,140.9,1.61,,Indian
303.35,30.68,6.12,17.45,10.68,0.81,76.09,9.19,,Lemon tart,,,24.03,0.98,2.66,Indian
239.86,39.54,9.13,5.51,25.0,0.52,61.47,19.87,,,,Chocolate sponge cake,33.99,1.81,0.0,Indian
57.42,7.11,1.86,2.52,7.08,0.0,14.63,16.85,Orange milkshake (Narangi milkshake),,,,67.42,0.11,10.82,Indian
223.67,0.31,11.59,19.62,0.0,0.29,446.96,24.77,Fried Egg,,,,46.4,1.69,0.0,Indian
96.04,4.18,10.61,4.15,1.43,0.54,378.14,103.7,,,Ham and Bean soup,,20.52,0.88,22.31,Indian
47.63,2.95,1.94,2.96,1.0,2.27,70.97,232.9,,Spinach mushroom (Palak mushroom),,,49.75,1.69,60.21,Indian
72.85,8.77,2.6,3.22,5.2,0.39,16.14,23.98,Oatmeal Porridge,,,,76.83,0.28,5.03,Indian
785.37,5.49,1.98,84.11,0.53,0.31,121.05,6.85,Cheese toast,,,,43.87,0.31,0.0,Indian
55.99,8.22,11.26,12.57,1.45,2.82,10918.83,26.39,,,Millet soup,,65.21,2.74,4.23,Indian
443.07,43.06,7.57,27.16,18.27,1.88,88.17,2.72,Coffee drops,,,,57.09,1.48,0.03,Indian
9.09,1.86,0.17,0.11,1.46,0.46,189.6,3.14,,,,Cumin infused water (Jeere/Zeere ka pani),10.84,0.32,3.61,Indian
214.76,28.8,4.98,9.17,15.03,0.37,80.77,23.21,,,,Chocolate meringue pie,55.98,0.92,1.26,Indian
82.62,5.82,3.03,5.11,1.64,2.86,70.97,52.1,,Soya chunks and peas (Nutrinugget matar),,,20.32,0.99,39.15,Indian
427.17,59.26,5.1,19.34,34.72,0.9,126.84,2.42,,,,Chocolate cream shells,28.53,1.08,0.0,Indian
55.72,7.62,1.66,2.23,7.6,0.0,14.05,17.45,Pineapple milkshake (Ananas milkshake),,,,59.92,0.11,10.22,Indian
68.91,6.26,3.45,3.34,5.87,0.84,87.08,33.72,,,Whey soup,,164.92,0.55,2.55,Indian
271.98,27.32,6.98,15.29,16.47,1.65,101.0,19.12,Khoa and coconut pancake,,,,157.22,1.12,0.73,Indian
96.04,4.18,10.61,4.15,1.43,0.54,378.14,103.7,,,Ham and Bean soup,,20.52,0.88,22.31,Indian
16.9,0.59,0.11,1.56,0.22,0.16,287.15,5.63,,,Cold tomato soup,,4.2,0.1,10.09,Indian
681.28,4.81,2.21,72.57,0.63,0.18,120.7,2.95,,Cheese balls,,,30.01,0.32,0.01,Indian
427.17,59.26,5.1,19.34,34.72,0.9,126.84,2.42,,,,Chocolate cream shells,28.53,1.08,0.0,Indian
563.7,4.27,5.87,58.18,0.24,0.33,136.37,12.83,,Fish orly,,,9.55,0.31,1.35,Indian
240.84,42.92,6.55,4.37,1.03,1.6,177.24,30.08,Home made egg noodles,,,,15.96,1.15,0.0,Indian
37.32,3.12,6.72,9.77,1.79,2.34,7311.44,53.08,,,Curried Cauliflower soup,,37.25,2.12,51.86,Indian
332.15,6.58,2.29,32.94,1.65,0.86,73.56,57.94,,Vegetarian nargisi kofta curry,,,47.09,0.38,27.25,Indian
214.76,28.8,4.98,9.17,15.03,0.37,80.77,23.21,,,,Chocolate meringue pie,55.98,0.92,1.26,Indian
651.75,2.77,3.36,69.69,0.17,0.29,72.73,31.65,,,,Fried fish and Chips (English Style) (Tali hui machli aur chips),6.56,0.26,22.16,Indian
125.49,13.64,2.78,6.68,10.51,0.7,15.65,28.45,,Honey banana cream,,,43.52,0.23,16.68,Indian
613.39,19.52,6.49,56.58,0.87,4.55,44.01,6.09,,Poshtik namak paras,,,60.74,2.03,0.38,Indian
117.28,3.74,6.64,15.5,1.93,1.34,5276.06,30.72,,,Cream of mushroom soup,,70.56,1.81,5.79,Indian
78.65,3.68,10.13,13.8,1.94,0.91,8376.94,38.67,,,Almond soup (Badam ka soup),,114.95,2.83,7.68,Indian
710.51,4.48,2.83,75.86,0.19,0.86,75.37,121.37,Egg pakora/pakoda (Ande ke pakode),,,,9.55,0.47,0.01,Indian
211.96,29.59,3.55,9.48,20.68,0.53,171.36,18.08,,,,Chocolate pudding,64.56,0.6,0.75,Indian
78.68,2.02,2.05,6.7,0.44,3.53,120.19,46.0,,,Roasted cauliflower steak,,24.47,0.95,47.14,Indian
263.2,43.21,1.91,10.39,42.06,0.0,2.8,0.63,,,,Chocolate sauce,18.8,1.13,0.0,Indian
117.33,14.95,3.59,5.12,9.97,0.78,26.55,43.87,Cornflakes with milk,,,,106.47,0.42,4.82,Indian
188.15,0.08,8.82,16.84,0.08,0.0,340.53,24.66,Puffy omelette/omlet,,,,34.96,1.2,0.0,Indian
9.09,1.86,0.17,0.11,1.46,0.46,189.6,3.14,,,,Cumin infused water (Jeere/Zeere ka pani),10.84,0.32,3.61,Indian
598.79,13.85,2.35,59.14,0.41,1.87,49.71,8.77,,Bathua poori,,,30.83,0.96,4.56,Indian
116.04,8.18,12.01,10.48,1.29,0.7,4942.18,12.77,Minced meat pancake (with chicken),,,,64.72,1.99,2.14,Indian
68.91,6.26,3.45,3.34,5.87,0.84,87.08,33.72,,,Whey soup,,164.92,0.55,2.55,Indian
239.86,39.54,9.13,5.51,25.0,0.52,61.47,19.87,,,,Chocolate sponge cake,33.99,1.81,0.0,Indian
76.13,9.11,4.82,2.44,7.83,0.77,222.77,7.82,,,,Curd mint dip,172.79,0.82,3.28,Indian
48.03,4.58,2.99,1.99,3.34,0.88,121.32,27.42,,,Cold cucumber soup (Thanda kheere ka soup),,99.79,0.32,5.05,Indian
47.94,1.19,11.47,12.02,0.54,1.57,8953.64,11.38,,,Chicken consomme (Clear chicken soup),,35.48,1.82,2.1,Indian
91.21,6.32,1.98,6.55,3.04,5.08,2067.33,,,Jhatpat achar with carrot (Jhatpat achaar gajar ke saath),,,54.31,2.32,,Indian
79.95,7.95,5.04,3.36,7.12,0.1,301.07,,,,,Curd dip,167.17,0.25,,Indian
157.45,5.1,8.25,11.44,1.03,2.54,233.87,61.18,Spanish omelette/omlet,,,,31.72,1.28,28.63,Indian
59.83,1.73,1.58,5.59,0.29,2.24,161.31,23.14,,Fermented bamboo shoot pickle (Mesu pickle),,,16.62,0.69,19.87,Indian
383.33,65.04,10.8,8.33,26.54,4.51,12.33,11.87,Rice dal porridge (Chawal dal ki khichdi/khichri),,,,50.46,2.76,0.0,Indian
171.46,16.05,4.37,10.38,14.03,0.33,38.78,15.6,,,,Fruit Ice cream (Phalon ka Ice cream),93.35,0.36,4.02,Indian
72.85,8.77,2.6,3.22,5.2,0.39,16.14,23.98,Oatmeal Porridge,,,,76.83,0.28,5.03,Indian
106.61,4.99,1.82,8.62,2.36,4.52,219.6,72.27,,Carrot and cabbage with coconut (Nariyal ke saath pattagobhi aur gajar),,,48.63,0.84,41.01,Indian
16.9,0.59,0.11,1.56,0.22,0.16,287.15,5.63,,,Cold tomato soup,,4.2,0.1,10.09,Indian
324.19,46.49,5.36,13.31,24.54,0.87,160.6,7.82,,,,Fruit Loaf,45.71,0.96,2.47,Indian
117.28,3.74,6.64,15.5,1.93,1.34,5276.06,30.72,,,Cream of mushroom soup,,70.56,1.81,5.79,Indian
65.31,9.15,1.84,2.37,7.96,0.26,13.61,19.83,Banana milkshake (Kele milkshake),,,,62.64,0.13,6.84,Indian
495.19,11.15,1.9,49.38,1.46,1.32,128.78,8.87,Sesame toast,,,,43.44,0.72,6.92,Indian
137.56,7.31,3.39,10.51,3.86,0.47,20.94,,,Mushroom sauce,,,94.1,0.22,,Indian
108.06,10.32,2.27,6.26,2.2,6.77,219.17,12.47,,,Lemon coriander soup,,102.57,3.47,8.6,Indian
128.78,0.17,12.64,8.68,0.05,0.17,183.89,290.24,Egg in a pepper,,,,48.25,1.76,33.6,Indian
56.14,3.72,8.97,12.75,1.59,1.89,8792.43,94.43,,,Cream of broccoli soup,,66.55,1.82,68.91,Indian
123.87,0.37,11.98,8.19,0.05,0.3,1163.07,24.77,Poached egg,,,,48.24,1.75,0.0,Indian
32.59,3.03,10.54,14.26,0.29,1.98,12088.21,150.94,,,Spinach soup (Palak ka soup),,56.23,2.68,30.99,Indian
24.9,5.23,0.17,0.51,5.14,0.16,0.29,0.82,Kashmiri tea (Kehwa),,,,3.19,0.07,0.06,Indian
312.01,43.45,6.66,13.19,34.2,0.32,196.61,14.7,,,,Chocolate eggless cake,185.38,0.95,2.67,Indian
29.88,0.37,3.69,1.51,0.2,0.1,58.58,10.19,,Chicken stock,,,3.57,0.18,0.84,Indian
84.22,20.62,0.28,0.11,19.04,0.31,222.53,0.51,,Saunth/Sonth chutney with ginger,,,15.17,0.7,0.0,Indian
389.02,23.16,8.26,31.03,2.41,12.12,3106.14,,,Kashmiri masala,,,303.49,14.72,,Indian
222.11,25.9,7.66,10.51,2.09,1.77,423.26,16.33,Egg and tomato sandwich (Ande aur tamatar ka sandwich),,,,95.71,1.3,1.98,Indian
299.74,39.59,7.85,13.41,37.85,0.49,83.04,24.67,Egg halwa (Ande ka halwa),,,,35.77,1.45,0.0,Indian
127.84,6.75,7.13,14.78,1.61,2.95,4999.7,88.58,,,Cream of green peas soup,,51.01,1.48,52.28,Indian
76.13,9.11,4.82,2.44,7.83,0.77,222.77,7.82,,,,Curd mint dip,172.79,0.82,3.28,Indian
67.82,9.15,1.95,2.75,9.0,0.16,16.65,21.34,Orange milkshake with ice cream (Narangi milkshake ice cream ke saath),,,,69.8,0.19,20.86,Indian
24.48,0.0,2.1,1.78,0.0,0.0,8.62,6.0,,Meat stock,,,0.86,0.05,0.0,Indian
301.91,29.06,4.49,19.01,19.72,0.29,100.32,25.81,,,,Steamed cake with chocolate sauce,67.76,0.85,1.81,Indian
56.14,3.72,8.97,12.75,1.59,1.89,8792.43,94.43,,,Cream of broccoli soup,,66.55,1.82,68.91,Indian
47.94,1.19,11.47,12.02,0.54,1.57,8953.64,11.38,,,Chicken consomme (Clear chicken soup),,35.48,1.82,2.1,Indian
222.11,25.9,7.66,10.51,2.09,1.77,423.26,16.33,Egg and tomato sandwich (Ande aur tamatar ka sandwich),,,,95.71,1.3,1.98,Indian
117.28,3.74,6.64,15.5,1.93,1.34,5276.06,30.72,,,Cream of mushroom soup,,70.56,1.81,5.79,Indian
117.33,14.95,3.59,5.12,9.97,0.78,26.55,43.87,Cornflakes with milk,,,,106.47,0.42,4.82,Indian
56.21,6.04,3.88,1.94,5.42,0.63,132.48,5.78,,,,Curd vegetable dip,129.58,0.37,4.53,Indian
286.5,30.42,3.35,16.83,9.79,1.31,49.65,6.05,,,,Fruit puree tart,19.64,0.63,2.6,Indian
682.33,3.33,0.7,74.01,0.71,0.68,183.85,34.41,,Dum aloo,,,16.49,0.36,29.39,Indian
484.31,1.43,5.21,56.57,0.37,0.57,4249.41,20.33,,,Chinese cabbage and meat ball soup,,41.07,1.52,16.72,Indian
96.04,4.18,10.61,4.15,1.43,0.54,378.14,103.7,,,Ham and Bean soup,,20.52,0.88,22.31,Indian
74.32,18.22,0.25,0.32,17.67,2.84,1.7,4.33,,,,Stewed fruit (with pear),5.94,0.21,2.48,Indian
56.72,3.98,2.89,3.2,3.34,0.79,31.16,,,,Spinach soup in milk,,106.1,1.08,,Indian
55.21,7.6,2.22,1.55,1.61,3.01,170.68,,,,Vegetable soup,,18.1,0.63,,Indian
96.92,10.57,3.35,4.38,3.31,3.52,159.54,68.19,,Sambar,,,30.24,1.24,20.35,Indian
107.09,9.11,2.09,7.09,9.03,0.09,17.27,19.39,,,,Fruit delight,71.69,0.15,7.74,Indian
758.89,7.63,2.08,80.04,0.25,1.39,74.88,34.83,Gram flour and semolina chilla/cheela/savory pancake (Besan suji chilla/cheela),,,,12.13,0.67,3.8,Indian
16.14,2.58,0.39,0.53,2.58,0.0,3.12,1.8,Hot tea (Garam Chai),,,,14.2,0.02,0.5,Indian
425.29,57.98,5.79,19.38,30.29,1.05,278.29,2.62,,,,Chocolate chip cookies,24.76,1.22,0.0,Indian
171.46,16.05,4.37,10.38,14.03,0.33,38.78,15.6,,,,Fruit Ice cream (Phalon ka Ice cream),93.35,0.36,4.02,Indian
263.3,27.28,2.91,16.43,0.64,0.56,69.97,3.38,Buckwheat pancake (Khura),,,,11.32,0.69,0.66,Indian
117.28,3.74,6.64,15.5,1.93,1.34,5276.06,30.72,,,Cream of mushroom soup,,70.56,1.81,5.79,Indian
9.09,1.86,0.17,0.11,1.46,0.46,189.6,3.14,,,,Cumin infused water (Jeere/Zeere ka pani),10.84,0.32,3.61,Indian
285.96,29.16,8.69,15.8,1.86,1.88,461.67,14.92,Egg sandwich (Ande ka sandwich),,,,110.13,1.44,0.0,Indian
125.59,6.31,1.75,10.35,3.73,1.96,312.86,27.6,,,Gravy for kofta,,39.65,0.75,17.05,Indian
32.25,3.56,0.99,1.63,0.9,0.31,22.35,50.13,,,Sweet corn soup,,3.72,0.41,10.33,Indian
276.79,25.78,5.88,17.3,15.83,1.82,15.4,51.61,,Gram flour halwa (Besan halwa),,,77.42,0.67,1.66,Indian
23.05,1.16,0.45,1.79,0.39,0.96,53.81,52.73,,,Bottle gourd soup (Ghiya/Lauki soup),,15.14,0.26,6.0,Indian
45.35,0.12,4.43,3.04,0.0,0.11,170.94,24.77,Boiled egg (Ubla anda),,,,17.75,0.64,0.0,Indian
651.75,2.77,3.36,69.69,0.17,0.29,72.73,31.65,,,,Fried fish and Chips (English Style) (Tali hui machli aur chips),6.56,0.26,22.16,Indian
427.17,59.26,5.1,19.34,34.72,0.9,126.84,2.42,,,,Chocolate cream shells,28.53,1.08,0.0,Indian
226.09,26.21,6.7,11.1,22.88,0.12,54.11,30.6,,,,Hot chocolate souffle,60.19,1.08,0.9,Indian
31.51,1.78,3.12,1.31,0.66,0.6,163.26,39.83,,,Hot and sour soup,,10.68,0.43,24.59,Indian
225.65,24.67,2.16,13.38,13.98,1.86,1.28,7.96,,Semolina halwa (Suji ka halwa),,,11.77,0.65,0.05,Indian
272.75,34.26,7.75,12.54,4.05,2.1,612.49,10.38,,Rainbow sandwich,,,172.04,1.2,1.01,Indian
211.04,0.41,10.03,18.86,0.1,0.38,381.85,25.79,French omelette/omlet,,,,46.35,1.58,0.48,Indian
155.97,1.35,10.29,12.21,1.08,0.24,374.66,25.82,Scrambled egg (Ande ki bhurji),,,,64.59,1.42,0.3,Indian
18.84,1.86,1.35,0.72,1.84,0.02,65.4,18.07,Lassi (salted),,,,47.78,0.04,1.02,Indian
243.37,32.24,7.05,10.12,22.34,0.32,46.54,17.22,,,,Chocolate pastry,50.7,1.44,0.25,Indian
464.43,50.9,5.68,27.03,27.32,6.69,9.06,5.21,,Semolina ladoo with coconut (Suji/Rava aur nariyal ke ladoo ),,,26.72,1.83,0.05,Indian
189.32,14.74,7.88,11.36,12.69,0.0,56.07,31.85,,,,Chocolate souffle,71.55,0.71,1.3,Indian
177.7,15.41,4.47,11.25,15.33,0.0,36.79,43.75,,,,Chocolate ice cream,84.24,0.47,4.06,Indian
203.36,20.49,5.68,10.82,3.32,0.65,143.7,5.43,Pancake,,,,79.49,0.69,0.5,Indian
56.72,3.98,2.89,3.2,3.34,0.79,31.16,,,,Spinach soup in milk,,106.1,1.08,,Indian
207.57,23.14,3.89,11.16,10.46,0.7,73.23,91.24,,Orange chiffon pie,,,30.34,0.62,84.88,Indian
166.02,1.49,12.32,12.46,0.75,0.67,75.64,20.46,,Handi chicken,,,26.85,0.93,1.47,Indian
129.21,12.19,3.1,7.83,1.18,0.77,153.59,170.92,,Fettuccine with spinach sauce,,,53.67,1.28,38.37,Indian
228.67,14.21,2.69,18.15,13.45,0.0,23.97,9.67,Vanilla ice cream without egg,,,,81.27,0.1,2.13,Indian
203.51,2.3,8.6,17.77,1.57,0.75,267.19,70.23,Stuffed egg omelette/omlet,,,,89.91,0.91,8.29,Indian
40.05,2.08,0.47,3.2,1.47,1.19,45.5,35.73,,,Pumpkin soup,,12.17,0.19,11.5,Indian
48.03,4.58,2.99,1.99,3.34,0.88,121.32,27.42,,,Cold cucumber soup (Thanda kheere ka soup),,99.79,0.32,5.05,Indian
21.52,5.55,0.08,0.03,5.38,0.13,28.13,2.92,,Lem-o-gin,,,2.2,0.09,5.68,Indian
324.19,46.49,5.36,13.31,24.54,0.87,160.6,7.82,,,,Fruit Loaf,45.71,0.96,2.47,Indian
23.16,3.65,0.64,0.75,3.62,0.0,4.92,5.6,Instant coffee,,,,20.87,0.06,1.51,Indian
84.92,3.4,3.36,6.45,1.97,0.55,110.12,41.14,Beetroot and egg salad (Chukandar aur ande ka salad),,,,18.13,0.55,6.0,Indian
406.07,60.97,5.67,15.88,26.01,2.17,127.36,2.42,,Christmas biscuit,,,29.07,1.2,0.0,Indian
106.53,9.45,5.41,5.3,9.42,0.0,47.13,35.21,,Baked custard,,,95.32,0.54,3.02,Indian
84.92,3.4,3.36,6.45,1.97,0.55,110.12,41.14,Beetroot and egg salad (Chukandar aur ande ka salad),,,,18.13,0.55,6.0,Indian
35.71,2.95,8.22,11.66,1.64,1.64,9202.27,31.61,,,Mixed vegetable soup,,50.69,1.74,20.06,Indian
441.84,48.02,5.44,25.45,19.79,4.27,3.93,4.01,,,,Semolina ladoo with nuts (Suji/Rava ladoo with nuts),18.04,1.81,0.03,Indian
104.13,0.84,8.27,7.7,0.13,0.67,101.02,6.51,,Mutton yakhni,,,88.61,1.66,0.09,Indian
58.83,4.48,1.89,3.55,1.71,3.06,123.36,76.8,,Cauliflower musallam (Phoolgobhi musallam),,,24.61,0.83,71.44,Indian
261.71,36.98,6.2,9.45,2.52,3.82,334.26,46.97,,Navratan pulao,,,59.61,1.1,12.89,Indian
597.79,24.0,2.34,54.41,11.48,1.5,46.39,2.47,,Jackfruit fritters (Ponsa mulik/Kathal ka pakora),,,24.62,1.15,0.32,Indian
408.32,30.88,9.82,27.96,30.43,0.17,31.65,23.94,,Plain burfi (Burfi),,,355.78,1.5,0.05,Indian
424.8,47.1,6.56,23.62,22.58,1.54,280.44,4.22,,,,Chocolate walnut cookies (Chocolate aur akhrot ke cookies),36.1,1.37,0.16,Indian
335.75,2.07,3.84,34.7,0.75,0.6,57.44,44.36,Indian lamb and egg curry (Nargisi kofta),,,,12.91,0.55,7.67,Indian
391.9,44.31,9.46,19.19,15.94,7.3,8.07,13.1,,,,Wheat flour and nuts ladoos (Atta nuts ladoos),127.29,4.01,0.0,Indian
263.3,27.28,2.91,16.43,0.64,0.56,69.97,3.38,Buckwheat pancake (Khura),,,,11.32,0.69,0.66,Indian
355.62,52.65,7.16,13.82,37.87,0.56,226.28,13.72,,Orange eggless cake,,,205.84,0.52,3.47,Indian
84.92,3.4,3.36,6.45,1.97,0.55,110.12,41.14,Beetroot and egg salad (Chukandar aur ande ka salad),,,,18.13,0.55,6.0,Indian
23.16,3.65,0.64,0.75,3.62,0.0,4.92,5.6,Instant coffee,,,,20.87,0.06,1.51,Indian
108.24,11.17,6.07,8.48,0.99,1.64,3093.47,38.7,,Chicken pulao,,,32.25,0.98,4.47,Indian
194.66,1.68,8.93,16.84,1.68,0.0,340.92,28.86,Orange omelette/omlet,,,,37.33,1.26,7.2,Indian
211.96,29.59,3.55,9.48,20.68,0.53,171.36,18.08,,,,Chocolate pudding,64.56,0.6,0.75,Indian
177.7,15.41,4.47,11.25,15.33,0.0,36.79,43.75,,,,Chocolate ice cream,84.24,0.47,4.06,Indian
25.19,0.33,2.06,1.71,0.2,0.15,9.51,16.58,,Mixed stock,,,2.06,0.07,2.58,Indian
52.75,5.06,3.95,1.86,3.97,1.39,126.57,160.65,,Spinach raita (Palak ka raita),,,142.96,1.61,32.9,Indian
28.32,1.63,14.48,12.59,0.27,0.47,12205.33,13.45,,,Chicken sweet corn soup,,91.5,3.83,2.02,Indian
194.86,6.99,2.38,17.62,2.39,1.66,179.26,21.85,,,Garlic soup,,60.55,0.73,11.12,Indian
171.46,16.05,4.37,10.38,14.03,0.33,38.78,15.6,,,,Fruit Ice cream (Phalon ka Ice cream),93.35,0.36,4.02,Indian
550.99,48.14,9.31,36.84,43.08,4.09,6.78,7.57,,Peanut burfi (Moongfali ki burfi),,,25.2,1.45,0.0,Indian
113.32,15.67,3.62,4.04,7.31,0.28,22.52,16.87,Murmura (Puffed rice),,,,103.79,0.63,4.82,Indian
758.89,7.63,2.08,80.04,0.25,1.39,74.88,34.83,Gram flour and semolina chilla/cheela/savory pancake (Besan suji chilla/cheela),,,,12.13,0.67,3.8,Indian
239.42,26.22,4.24,13.5,17.34,0.33,85.88,18.34,,,,Chocolate eclairs,34.21,0.68,0.4,Indian
32.25,3.56,0.99,1.63,0.9,0.31,22.35,50.13,,,Sweet corn soup,,3.72,0.41,10.33,Indian
301.91,29.06,4.49,19.01,19.72,0.29,100.32,25.81,,,,Steamed cake with chocolate sauce,67.76,0.85,1.81,Indian
117.28,3.74,6.64,15.5,1.93,1.34,5276.06,30.72,,,Cream of mushroom soup,,70.56,1.81,5.79,Indian
681.67,4.64,2.16,72.77,0.23,0.58,93.33,32.4,Vegeterian scotch egg,,,,15.2,0.46,12.53,Indian
51.54,6.62,1.75,2.14,6.53,0.0,13.98,5.53,Espreso coffee,,,,58.1,0.15,1.51,Indian
469.59,61.72,3.21,24.77,59.82,0.0,4.99,1.22,,,,Chocolate butter icing,31.87,1.85,0.0,Indian
54.42,8.24,11.26,13.28,1.26,2.6,11602.5,27.88,,,Mulligatawny soup,,43.89,2.65,8.37,Indian
484.31,1.43,5.21,56.57,0.37,0.57,4249.41,20.33,,,Chinese cabbage and meat ball soup,,41.07,1.52,16.72,Indian
22.43,5.43,0.37,0.04,5.21,0.2,1.57,63.89,,,,Summer cooler,8.13,0.28,103.5,Indian
230.52,9.53,6.85,18.16,8.99,0.0,48.64,33.07,,,,Creamy chocolate mousse,45.25,0.96,0.75,Indian
127.41,9.13,3.01,8.93,8.9,0.06,24.97,18.19,,Milk cake,,,104.94,0.2,8.0,Indian
145.2,2.34,16.26,7.93,1.58,0.5,158.0,182.73,,Tandoori chicken,,,44.33,0.9,39.53,Indian
16.14,2.58,0.39,0.53,2.58,0.0,3.12,1.8,Hot tea (Garam Chai),,,,14.2,0.02,0.5,Indian
391.9,44.31,9.46,19.19,15.94,7.3,8.07,13.1,,,,Wheat flour and nuts ladoos (Atta nuts ladoos),127.29,4.01,0.0,Indian
263.2,43.21,1.91,10.39,42.06,0.0,2.8,0.63,,,,Chocolate sauce,18.8,1.13,0.0,Indian
60.2,6.14,8.1,12.05,1.24,1.51,8503.99,33.19,,,Cream of potato soup,,51.97,1.7,28.86,Indian
651.75,2.77,3.36,69.69,0.17,0.29,72.73,31.65,,,,Fried fish and Chips (English Style) (Tali hui machli aur chips),6.56,0.26,22.16,Indian
241.27,4.8,3.01,23.44,4.39,0.41,119.58,7.03,,,,Mayonnaise vegetable dip,91.42,0.28,4.58,Indian
151.27,17.96,2.63,7.46,1.13,2.12,101.75,11.94,,Rice upma,,,17.57,0.67,4.64,Indian
306.08,26.97,6.01,19.76,18.83,0.29,44.53,8.91,,,,Chocolate swiss roll,42.79,1.08,0.19,Indian
16.14,2.58,0.39,0.53,2.58,0.0,3.12,1.8,Hot tea (Garam Chai),,,,14.2,0.02,0.5,Indian
207.09,31.86,8.24,4.8,2.51,4.95,308.55,374.11,,Gujarati handvo,,,68.21,2.03,31.39,Indian
147.39,10.66,5.15,9.28,3.48,1.06,281.62,16.52,Cheese and tomato pancake,,,,127.51,0.64,9.72,Indian
606.03,2.94,1.43,65.41,1.16,0.75,99.37,197.93,,Spinach paneer kofta curry (Palak paneer kofta curry),,,37.71,0.68,47.34,Indian
152.13,39.37,0.1,0.21,38.18,0.86,2.14,,,Apple jelly (Seb ki jelly),,,7.89,0.15,,Indian
379.76,51.56,5.88,17.09,24.16,1.01,127.02,1.81,,,,Chocolate biscuit,41.51,1.14,0.03,Indian
627.41,4.26,1.33,67.24,1.19,0.64,95.89,67.83,Vegetarian egg kofta curry,,,,28.39,0.39,35.58,Indian
383.33,65.04,10.8,8.33,26.54,4.51,12.33,11.87,Rice dal porridge (Chawal dal ki khichdi/khichri),,,,50.46,2.76,0.0,Indian
197.16,27.43,2.58,8.72,10.08,0.64,36.85,13.7,,Orange cream tart,,,13.84,0.58,19.6,Indian
26.64,1.1,12.93,13.52,0.6,0.81,12418.84,28.19,Egg drop soup,,,,100.14,3.93,8.51,Indian
145.55,10.22,6.98,8.41,4.85,3.08,73.15,102.72,,,Veg paneer stew,,160.51,1.37,32.41,Indian
56.72,3.98,2.89,3.2,3.34,0.79,31.16,,,,Spinach soup in milk,,106.1,1.08,,Indian
427.17,59.26,5.1,19.34,34.72,0.9,126.84,2.42,,,,Chocolate cream shells,28.53,1.08,0.0,Indian
202.31,35.65,5.88,3.56,1.0,6.31,1.16,5.84,,Chapati/Roti,,,17.22,2.28,0.0,Indian
391.9,44.31,9.46,19.19,15.94,7.3,8.07,13.1,,,,Wheat flour and nuts ladoos (Atta nuts ladoos),127.29,4.01,0.0,Indian
332.58,86.53,1.74,0.02,85.57,0.0,36.5,,,Royal icing,,,2.87,0.42,,Indian
676.89,1.91,4.05,72.62,0.3,0.36,90.67,30.63,Scotch egg,,,,15.03,0.6,2.59,Indian
24.9,5.23,0.17,0.51,5.14,0.16,0.29,0.82,Kashmiri tea (Kehwa),,,,3.19,0.07,0.06,Indian
84.92,3.4,3.36,6.45,1.97,0.55,110.12,41.14,Beetroot and egg salad (Chukandar aur ande ka salad),,,,18.13,0.55,6.0,Indian
48.03,4.58,2.99,1.99,3.34,0.88,121.32,27.42,,,Cold cucumber soup (Thanda kheere ka soup),,99.79,0.32,5.05,Indian
90.01,9.02,3.43,4.61,8.86,0.0,36.04,13.41,,,,Hot chocolate,113.63,0.33,3.62,Indian
710.51,4.48,2.83,75.86,0.19,0.86,75.37,121.37,Egg pakora/pakoda (Ande ke pakode),,,,9.55,0.47,0.01,Indian
186.18,17.02,1.75,12.66,16.11,4.29,8.95,11.48,,Pumpkin coconut burfi (Kaddu aur nariyal ki burfi),,,21.76,0.79,3.02,Indian
36.12,9.38,0.14,0.03,9.25,0.06,2.63,24.57,,,,Fruit Punch (with fresh juices),5.07,0.1,41.44,Indian
651.75,2.77,3.36,69.69,0.17,0.29,72.73,31.65,,,,Fried fish and Chips (English Style) (Tali hui machli aur chips),6.56,0.26,22.16,Indian
295.11,49.32,8.29,7.99,0.82,8.57,149.63,6.32,Namkeen daliya,,,,35.98,2.99,6.88,Indian
32.75,5.72,0.56,1.0,5.52,0.26,23.2,12.64,,,,Coco pine cooler,17.81,0.13,10.67,Indian
228.67,14.21,2.69,18.15,13.45,0.0,23.97,9.67,Vanilla ice cream without egg,,,,81.27,0.1,2.13,Indian
125.59,6.31,1.75,10.35,3.73,1.96,312.86,27.6,,,Gravy for kofta,,39.65,0.75,17.05,Indian
272.48,36.39,3.92,12.66,19.96,1.13,58.25,17.21,,Cranberry cookies,,,36.16,0.71,5.52,Indian
37.32,3.12,6.72,9.77,1.79,2.34,7311.44,53.08,,,Curried Cauliflower soup,,37.25,2.12,51.86,Indian
59.65,4.93,6.84,9.05,2.1,2.14,5655.45,54.46,,,Cream of mixed vegetable soup,,65.26,1.36,39.02,Indian
144.53,23.02,4.84,3.26,1.53,4.31,122.08,89.33,,Masala dosa mixed vegetable fillings,,,31.79,1.21,52.07,Indian
121.3,30.74,0.15,0.29,29.18,1.13,1.97,2.68,,Apple and honey sorbet (Seb aur shehad ka sharbat),,,9.11,0.18,5.08,Indian
174.21,36.02,4.7,0.94,27.36,1.93,34.94,36.84,,Vegetable mix,,,90.06,2.27,8.48,Indian
200.6,21.84,1.84,12.29,20.37,0.06,26.34,19.18,,Pavlova,,,23.0,0.25,23.78,Indian
91.93,22.49,0.17,0.37,20.45,1.48,1.53,,,Stewed apple,,,9.25,0.18,,Indian
484.31,1.43,5.21,56.57,0.37,0.57,4249.41,20.33,,,Chinese cabbage and meat ball soup,,41.07,1.52,16.72,Indian
83.07,7.19,2.77,4.66,1.41,3.35,43.4,87.67,,Vegetable curry with coconut,,,19.63,0.95,69.6,Indian
35.63,4.17,10.12,12.78,0.77,1.94,11088.14,48.58,,,Talaumein soup,,42.33,2.23,12.62,Indian
55.21,7.6,2.22,1.55,1.61,3.01,170.68,,,,Vegetable soup,,18.1,0.63,,Indian
15.91,3.01,0.39,0.33,2.96,0.0,2.82,1.27,Steeped hot coffee,,,,10.4,0.06,0.3,Indian
230.52,9.53,6.85,18.16,8.99,0.0,48.64,33.07,,,,Creamy chocolate mousse,45.25,0.96,0.75,Indian
314.63,41.13,4.79,14.95,25.79,2.76,82.96,7.6,,Wheat cake,,,98.91,1.08,0.76,Indian
339.33,33.15,13.0,17.86,32.38,0.0,39.32,23.85,,,,Chocolate burfi,466.48,2.12,0.0,Indian
169.87,15.62,5.89,9.78,13.88,0.0,46.35,31.24,,Cold lemon souffle,,,55.03,0.53,8.65,Indian
311.71,37.87,5.76,15.8,24.25,0.7,188.59,12.0,,,,Chocolate chiffon cake,42.15,1.07,0.21,Indian
78.65,3.68,10.13,13.8,1.94,0.91,8376.94,38.67,,,Almond soup (Badam ka soup),,114.95,2.83,7.68,Indian
44.66,9.11,1.05,0.32,6.31,2.14,209.42,2.29,,Tomato ginger chutney (Tamatar adarak ki chutney),,,23.63,1.08,3.65,Indian
203.36,20.49,5.68,10.82,3.32,0.65,143.7,5.43,Pancake,,,,79.49,0.69,0.5,Indian
339.09,72.59,10.59,3.28,1.52,8.21,206.28,,Channa murmura premix,,,,21.36,4.58,,Indian
424.03,53.65,8.27,19.34,29.73,6.83,182.26,5.46,,Sesame biscuit (Til ke biscuit),,,298.06,5.73,0.0,Indian
74.32,18.22,0.25,0.32,17.67,2.84,1.7,4.33,,,,Stewed fruit (with pear),5.94,0.21,2.48,Indian
311.71,37.87,5.76,15.8,24.25,0.7,188.59,12.0,,,,Chocolate chiffon cake,42.15,1.07,0.21,Indian
246.1,21.43,5.51,15.28,3.16,1.18,212.42,7.96,,Cheese and mushroom tart,,,100.97,0.59,6.53,Indian
56.72,3.98,2.89,3.2,3.34,0.79,31.16,,,,Spinach soup in milk,,106.1,1.08,,Indian
56.72,3.98,2.89,3.2,3.34,0.79,31.16,,,,Spinach soup in milk,,106.1,1.08,,Indian
48.03,4.58,2.99,1.99,3.34,0.88,121.32,27.42,,,Cold cucumber soup (Thanda kheere ka soup),,99.79,0.32,5.05,Indian
51.54,6.62,1.75,2.14,6.53,0.0,13.98,5.53,Espreso coffee,,,,58.1,0.15,1.51,Indian
51.54,6.62,1.75,2.14,6.53,0.0,13.98,5.53,Espreso coffee,,,,58.1,0.15,1.51,Indian
22.43,5.43,0.37,0.04,5.21,0.2,1.57,63.89,,,,Summer cooler,8.13,0.28,103.5,Indian
542.9,4.47,5.66,55.82,0.17,0.34,103.55,34.81,,Fish finger,,,11.38,0.38,14.13,Indian
271.98,27.32,6.98,15.29,16.47,1.65,101.0,19.12,Khoa and coconut pancake,,,,157.22,1.12,0.73,Indian
187.53,17.22,6.37,10.86,15.31,0.0,47.77,32.45,,,,Cold chocolate souffle,62.91,0.68,1.3,Indian
194.66,1.68,8.93,16.84,1.68,0.0,340.92,28.86,Orange omelette/omlet,,,,37.33,1.26,7.2,Indian
169.65,11.89,10.36,9.27,1.21,1.55,213.38,50.99,,Prawn sandwich,,,75.53,1.11,12.57,Indian
54.42,8.24,11.26,13.28,1.26,2.6,11602.5,27.88,,,Mulligatawny soup,,43.89,2.65,8.37,Indian
37.32,3.12,6.72,9.77,1.79,2.34,7311.44,53.08,,,Curried Cauliflower soup,,37.25,2.12,51.86,Indian
59.77,5.69,8.27,12.35,1.77,1.98,8694.79,37.89,,,Cream of carrot soup,,57.24,1.73,10.68,Indian
67.82,9.15,1.95,2.75,9.0,0.16,16.65,21.34,Orange milkshake with ice cream (Narangi milkshake ice cream ke saath),,,,69.8,0.19,20.86,Indian
18.84,1.86,1.35,0.72,1.84,0.02,65.4,18.07,Lassi (salted),,,,47.78,0.04,1.02,Indian
253.82,59.59,2.12,0.32,48.27,0.37,15.03,2.16,Murmura chikki,,,,63.3,3.3,0.0,Indian
68.91,6.26,3.45,3.34,5.87,0.84,87.08,33.72,,,Whey soup,,164.92,0.55,2.55,Indian
575.02,5.77,2.45,60.25,0.2,0.58,79.4,22.05,Egg cutlet (Anda cutlet),,,,16.22,0.56,11.07,Indian
100.54,3.45,5.21,13.31,1.13,1.74,4429.81,298.06,,,Cream of spinach soup,,70.77,2.1,63.34,Indian
90.01,9.02,3.43,4.61,8.86,0.0,36.04,13.41,,,,Hot chocolate,113.63,0.33,3.62,Indian
9.09,1.86,0.17,0.11,1.46,0.46,189.6,3.14,,,,Cumin infused water (Jeere/Zeere ka pani),10.84,0.32,3.61,Indian
90.01,9.02,3.43,4.61,8.86,0.0,36.04,13.41,,,,Hot chocolate,113.63,0.33,3.62,Indian
107.09,9.11,2.09,7.09,9.03,0.09,17.27,19.39,,,,Fruit delight,71.69,0.15,7.74,Indian
651.75,2.77,3.36,69.69,0.17,0.29,72.73,31.65,,,,Fried fish and Chips (English Style) (Tali hui machli aur chips),6.56,0.26,22.16,Indian
280.99,32.33,5.6,15.36,15.08,3.71,59.21,207.15,Kiwi granola pudding,,,,62.2,1.45,65.34,Indian
95.21,8.07,4.67,4.97,8.01,0.03,39.6,42.48,,Snow flakes pudding,,,101.33,0.42,5.47,Indian
55.21,7.6,2.22,1.55,1.61,3.01,170.68,,,,Vegetable soup,,18.1,0.63,,Indian
665.67,7.32,0.37,70.46,4.37,0.65,86.87,8.97,,,,Banana chips (Kele ke chips),2.01,0.19,4.03,Indian
243.37,32.24,7.05,10.12,22.34,0.32,46.54,17.22,,,,Chocolate pastry,50.7,1.44,0.25,Indian
129.22,3.38,11.79,7.57,1.79,1.41,108.0,38.7,,Chicken curry,,,27.29,0.87,16.79,Indian
301.91,29.06,4.49,19.01,19.72,0.29,100.32,25.81,,,,Steamed cake with chocolate sauce,67.76,0.85,1.81,Indian
113.32,15.67,3.62,4.04,7.31,0.28,22.52,16.87,Murmura (Puffed rice),,,,103.79,0.63,4.82,Indian
193.82,17.77,9.03,10.1,1.13,1.52,365.63,25.88,,Danish luncheon sandwich,,,77.13,1.27,2.35,Indian
665.67,7.32,0.37,70.46,4.37,0.65,86.87,8.97,,,,Banana chips (Kele ke chips),2.01,0.19,4.03,Indian
239.42,26.22,4.24,13.5,17.34,0.33,85.88,18.34,,,,Chocolate eclairs,34.21,0.68,0.4,Indian
261.35,34.71,3.3,12.48,9.52,0.71,110.04,33.99,,,,Fruit flan,19.28,0.61,3.3,Indian
301.91,29.06,4.49,19.01,19.72,0.29,100.32,25.81,,,,Steamed cake with chocolate sauce,67.76,0.85,1.81,Indian
194.76,7.08,7.68,15.12,4.53,0.12,317.38,,,Cheese sauce,,,255.14,0.31,,Indian
36.12,9.38,0.14,0.03,9.25,0.06,2.63,24.57,,,,Fruit Punch (with fresh juices),5.07,0.1,41.44,Indian
441.84,48.02,5.44,25.45,19.79,4.27,3.93,4.01,,,,Semolina ladoo with nuts (Suji/Rava ladoo with nuts),18.04,1.81,0.03,Indian
37.32,3.12,6.72,9.77,1.79,2.34,7311.44,53.08,,,Curried Cauliflower soup,,37.25,2.12,51.86,Indian
335.61,45.14,6.01,15.18,27.58,0.64,241.93,9.21,,,,Chocolate cake,41.13,1.08,0.15,Indian
151.33,13.3,6.33,8.23,1.63,1.64,288.15,102.27,,Chicken chowmein,,,26.1,0.89,84.96,Indian
56.14,3.72,8.97,12.75,1.59,1.89,8792.43,94.43,,,Cream of broccoli soup,,66.55,1.82,68.91,Indian
214.76,28.8,4.98,9.17,15.03,0.37,80.77,23.21,,,,Chocolate meringue pie,55.98,0.92,1.26,Indian
56.14,3.72,8.97,12.75,1.59,1.89,8792.43,94.43,,,Cream of broccoli soup,,66.55,1.82,68.91,Indian
55.99,8.22,11.26,12.57,1.45,2.82,10918.83,26.39,,,Millet soup,,65.21,2.74,4.23,Indian
26.64,1.1,12.93,13.52,0.6,0.81,12418.84,28.19,Egg drop soup,,,,100.14,3.93,8.51,Indian
34.79,6.04,2.22,0.12,1.25,1.22,115.6,22.49,,Sour lentils (Khatti dal),,,8.29,0.85,1.88,Indian
16.14,2.58,0.39,0.53,2.58,0.0,3.12,1.8,Hot tea (Garam Chai),,,,14.2,0.02,0.5,Indian
261.35,34.71,3.3,12.48,9.52,0.71,110.04,33.99,,,,Fruit flan,19.28,0.61,3.3,Indian
344.57,33.64,13.68,17.94,30.65,1.4,13.0,42.67,,Chhena poda,,,295.29,1.41,0.09,Indian
137.52,6.17,1.26,11.98,3.51,2.12,31.33,,,Onion tomato baghar (Pyaaz tamatar ka tadka),,,20.45,0.63,,Indian
55.99,8.22,11.26,12.57,1.45,2.82,10918.83,26.39,,,Millet soup,,65.21,2.74,4.23,Indian
424.8,47.1,6.56,23.62,22.58,1.54,280.44,4.22,,,,Chocolate walnut cookies (Chocolate aur akhrot ke cookies),36.1,1.37,0.16,Indian
107.09,9.11,2.09,7.09,9.03,0.09,17.27,19.39,,,,Fruit delight,71.69,0.15,7.74,Indian
35.66,6.51,1.29,0.68,6.51,0.0,18.31,18.0,Sweet Lassi (Meethi lassi),,,,45.65,0.03,1.0,Indian
441.84,48.02,5.44,25.45,19.79,4.27,3.93,4.01,,,,Semolina ladoo with nuts (Suji/Rava ladoo with nuts),18.04,1.81,0.03,Indian
30.78,3.19,1.04,1.47,0.86,1.37,55.0,61.93,,Vegetables stir fry,,,13.3,0.34,38.17,Indian
39.81,3.63,11.06,12.9,0.87,2.49,10958.11,65.46,,,Green pea soup (Matar ka soup),,46.63,2.18,41.12,Indian
81.95,8.78,3.04,3.95,8.49,0.55,25.19,36.87,,Cauliflower kheer (Phoolgobhi ki kheer),,,101.75,0.3,23.92,Indian
54.42,8.24,11.26,13.28,1.26,2.6,11602.5,27.88,,,Mulligatawny soup,,43.89,2.65,8.37,Indian
79.95,7.95,5.04,3.36,7.12,0.1,301.07,,,,,Curd dip,167.17,0.25,,Indian
142.34,6.06,9.53,11.96,0.9,0.41,2414.77,45.99,,Chicken manchurian,,,26.52,1.28,10.37,Indian
194.86,6.99,2.38,17.62,2.39,1.66,179.26,21.85,,,Garlic soup,,60.55,0.73,11.12,Indian
41.13,1.87,12.39,17.07,0.84,1.8,13695.35,20.27,,,Cheese soup,,83.65,2.4,5.29,Indian
404.6,54.56,5.4,18.66,23.25,1.16,131.73,1.72,,Pin wheel biscuit,,,42.7,1.13,0.05,Indian
73.25,7.1,2.79,3.6,1.05,2.72,149.47,90.42,,Split bengal gram with bottle gourd (Channa dal with ghiya/lauki),,,14.33,0.99,15.2,Indian
297.46,23.38,12.5,15.58,1.87,34.56,27.66,,,Sambar powder (Sambar masala),,,439.95,12.63,,Indian
11.88,1.76,0.34,0.34,0.51,0.73,207.89,24.84,,,Cold cucumber cream soup,,8.02,0.16,14.72,Indian
147.05,5.85,5.73,11.21,3.44,0.3,268.69,42.67,,,Baked potato soup,,106.56,0.27,18.93,Indian
78.65,3.68,10.13,13.8,1.94,0.91,8376.94,38.67,,,Almond soup (Badam ka soup),,114.95,2.83,7.68,Indian
117.33,14.95,3.59,5.12,9.97,0.78,26.55,43.87,Cornflakes with milk,,,,106.47,0.42,4.82,Indian
239.86,39.54,9.13,5.51,25.0,0.52,61.47,19.87,,,,Chocolate sponge cake,33.99,1.81,0.0,Indian
187.53,17.22,6.37,10.86,15.31,0.0,47.77,32.45,,,,Cold chocolate souffle,62.91,0.68,1.3,Indian
56.14,3.72,8.97,12.75,1.59,1.89,8792.43,94.43,,,Cream of broccoli soup,,66.55,1.82,68.91,Indian
80.07,3.45,4.79,12.22,1.44,1.96,5135.74,43.91,,,Clear tomato soup (Tamatar ka soup),,29.05,1.14,53.16,Indian
78.68,2.02,2.05,6.7,0.44,3.53,120.19,46.0,,,Roasted cauliflower steak,,24.47,0.95,47.14,Indian
17.6,0.96,0.3,1.38,0.44,0.38,49.75,13.92,,Vegetable stock,,,5.08,0.12,7.58,Indian
177.7,15.41,4.47,11.25,15.33,0.0,36.79,43.75,,,,Chocolate ice cream,84.24,0.47,4.06,Indian
379.76,51.56,5.88,17.09,24.16,1.01,127.02,1.81,,,,Chocolate biscuit,41.51,1.14,0.03,Indian
427.17,59.26,5.1,19.34,34.72,0.9,126.84,2.42,,,,Chocolate cream shells,28.53,1.08,0.0,Indian
177.7,15.41,4.47,11.25,15.33,0.0,36.79,43.75,,,,Chocolate ice cream,84.24,0.47,4.06,Indian
137.54,28.18,4.64,0.33,0.28,2.31,100.83,2.95,,Idli,,,8.0,0.68,0.0,Indian
427.17,59.26,5.1,19.34,34.72,0.9,126.84,2.42,,,,Chocolate cream shells,28.53,1.08,0.0,Indian
214.76,28.8,4.98,9.17,15.03,0.37,80.77,23.21,,,,Chocolate meringue pie,55.98,0.92,1.26,Indian
207.01,39.64,4.29,3.42,30.66,2.56,22.29,10.0,,Chickpea flour cookies (Sweet besan rounds/cookies),,,54.95,2.16,0.39,Indian
436.29,62.43,3.22,20.8,59.88,0.0,8.66,1.52,,,,Chocolate glace icing,26.75,2.04,0.0,Indian
687.72,3.96,2.19,73.83,1.88,0.46,99.18,37.83,,Boondi raita,,,49.0,0.24,0.77,Indian
665.67,7.32,0.37,70.46,4.37,0.65,86.87,8.97,,,,Banana chips (Kele ke chips),2.01,0.19,4.03,Indian
222.58,23.87,8.19,9.91,0.79,18.62,11873.64,,,Chat masala,,,519.5,13.27,,Indian
436.29,62.43,3.22,20.8,59.88,0.0,8.66,1.52,,,,Chocolate glace icing,26.75,2.04,0.0,Indian
155.97,1.35,10.29,12.21,1.08,0.24,374.66,25.82,Scrambled egg (Ande ki bhurji),,,,64.59,1.42,0.3,Indian
23.16,3.65,0.64,0.75,3.62,0.0,4.92,5.6,Instant coffee,,,,20.87,0.06,1.51,Indian
217.82,30.57,5.94,8.58,21.97,0.28,79.37,10.98,,Black forest gateau,,,46.79,1.09,143.5,Indian
84.92,3.4,3.36,6.45,1.97,0.55,110.12,41.14,Beetroot and egg salad (Chukandar aur ande ka salad),,,,18.13,0.55,6.0,Indian
13.12,1.05,1.51,0.22,0.02,1.7,242.36,550.52,,Pickled mustard greens,,,81.44,1.22,301.6,Indian
157.45,5.1,8.25,11.44,1.03,2.54,233.87,61.18,Spanish omelette/omlet,,,,31.72,1.28,28.63,Indian
454.15,51.33,10.12,22.7,19.92,5.11,7.51,9.52,,Amaranth ladoo (Rajgira ladoo),,,144.58,6.47,0.03,Indian
57.42,7.11,1.86,2.52,7.08,0.0,14.63,16.85,Orange milkshake (Narangi milkshake),,,,67.42,0.11,10.82,Indian
101.24,25.67,0.25,0.19,25.19,3.06,2.1,21.93,,Pear preserves (Naashpati ka murabba),,,6.57,0.23,15.65,Indian
241.27,4.8,3.01,23.44,4.39,0.41,119.58,7.03,,,,Mayonnaise vegetable dip,91.42,0.28,4.58,Indian
301.91,29.06,4.49,19.01,19.72,0.29,100.32,25.81,,,,Steamed cake with chocolate sauce,67.76,0.85,1.81,Indian
211.96,29.59,3.55,9.48,20.68,0.53,171.36,18.08,,,,Chocolate pudding,64.56,0.6,0.75,Indian
427.17,59.26,5.1,19.34,34.72,0.9,126.84,2.42,,,,Chocolate cream shells,28.53,1.08,0.0,Indian
50.0,5.91,2.68,1.68,0.12,1.17,150.64,27.98,,Washed moong dal (Dhuli moong ki dal),,,8.48,0.64,0.04,Indian
16.14,2.58,0.39,0.53,2.58,0.0,3.12,1.8,Hot tea (Garam Chai),,,,14.2,0.02,0.5,Indian
61.93,5.79,2.51,3.1,0.34,1.62,141.36,40.35,,Mixed dal,,,11.0,0.78,1.1,Indian
81.57,8.87,2.64,4.08,5.12,0.62,15.89,17.58,Cracked wheat porridge (Meetha daliya),,,,75.88,0.32,5.03,Indian
77.79,6.93,3.22,4.03,2.09,2.33,122.85,223.29,,Baked vegetables with spinach,,,78.63,1.16,78.95,Indian
102.79,10.55,3.52,5.35,10.09,0.19,23.92,16.31,,Thickened sweetened milk (Rabri),,,111.87,0.29,4.09,Indian
178.05,27.01,4.78,6.02,18.33,0.68,80.41,15.12,,Orange gateau,,,41.69,0.89,10.49,Indian
80.07,3.45,4.79,12.22,1.44,1.96,5135.74,43.91,,,Clear tomato soup (Tamatar ka soup),,29.05,1.14,53.16,Indian
282.74,50.49,8.5,4.66,36.48,5.54,17.93,23.64,,Sesame chickpeas brittle (Til aur channe ki chikki),,,150.73,4.8,0.0,Indian
36.12,9.38,0.14,0.03,9.25,0.06,2.63,24.57,,,,Fruit Punch (with fresh juices),5.07,0.1,41.44,Indian
100.89,12.39,3.75,4.08,7.54,0.7,23.21,22.71,Semolina porridge (Suji/Rava daliya),,,,108.52,0.36,5.03,Indian
194.86,6.99,2.38,17.62,2.39,1.66,179.26,21.85,,,Garlic soup,,60.55,0.73,11.12,Indian
9.09,1.86,0.17,0.11,1.46,0.46,189.6,3.14,,,,Cumin infused water (Jeere/Zeere ka pani),10.84,0.32,3.61,Indian
97.81,3.93,4.61,13.12,1.81,1.38,4461.22,44.01,,,Cream of tomato soup,,39.61,0.95,53.23,Indian
424.8,47.1,6.56,23.62,22.58,1.54,280.44,4.22,,,,Chocolate walnut cookies (Chocolate aur akhrot ke cookies),36.1,1.37,0.16,Indian
324.19,46.49,5.36,13.31,24.54,0.87,160.6,7.82,,,,Fruit Loaf,45.71,0.96,2.47,Indian
107.18,16.02,5.27,2.89,15.81,0.08,73.61,50.44,Sweetened yogurt (Shrikhand),,,,183.02,0.17,2.79,Indian
45.35,0.12,4.43,3.04,0.0,0.11,170.94,24.77,Boiled egg (Ubla anda),,,,17.75,0.64,0.0,Indian
211.96,29.59,3.55,9.48,20.68,0.53,171.36,18.08,,,,Chocolate pudding,64.56,0.6,0.75,Indian
198.83,2.86,9.57,16.56,0.93,0.99,223.75,51.55,,Chilli chicken,,,12.97,0.66,55.19,Indian
427.17,59.26,5.1,19.34,34.72,0.9,126.84,2.42,,,,Chocolate cream shells,28.53,1.08,0.0,Indian
193.28,21.18,5.32,9.51,1.6,2.9,168.4,68.06,,Peanut pulao,,,18.52,0.83,3.42,Indian
56.83,5.83,4.0,1.99,4.93,1.39,180.79,95.51,,Carrot and spinach raita (Gajar aur palak ka raita),,,142.57,1.04,19.29,Indian
129.71,15.44,3.07,6.36,1.97,1.86,258.47,99.36,,Vegetable chowmein,,,28.33,0.99,85.39,Indian
710.02,7.98,1.45,74.6,0.26,1.61,35.37,8.47,,Methi poori,,,14.61,0.81,2.91,Indian
96.91,4.44,5.18,6.39,1.59,1.33,156.02,320.46,,Creamed spinach,,,122.3,1.89,62.17,Indian
35.66,6.51,1.29,0.68,6.51,0.0,18.31,18.0,Sweet Lassi (Meethi lassi),,,,45.65,0.03,1.0,Indian
189.32,14.74,7.88,11.36,12.69,0.0,56.07,31.85,,,,Chocolate souffle,71.55,0.71,1.3,Indian
177.4,20.87,5.04,8.71,4.5,1.09,283.37,60.2,,Penne platter,,,67.67,0.9,16.35,Indian
698.77,5.68,2.63,74.0,0.51,1.21,84.24,38.52,,Peanut cutlet (Mungfali ke cutlet),,,14.38,0.56,12.63,Indian
40.05,2.08,0.47,3.2,1.47,1.19,45.5,35.73,,,Pumpkin soup,,12.17,0.19,11.5,Indian
16.9,0.59,0.11,1.56,0.22,0.16,287.15,5.63,,,Cold tomato soup,,4.2,0.1,10.09,Indian
57.42,7.11,1.86,2.52,7.08,0.0,14.63,16.85,Orange milkshake (Narangi milkshake),,,,67.42,0.11,10.82,Indian
76.45,11.15,2.01,2.77,9.94,0.27,16.63,20.73,Banana milkshake with ice cream (Kele ka milkshake ice cream ke saath),,,,68.3,0.14,6.99,Indian
76.13,9.11,4.82,2.44,7.83,0.77,222.77,7.82,,,,Curd mint dip,172.79,0.82,3.28,Indian
311.71,37.87,5.76,15.8,24.25,0.7,188.59,12.0,,,,Chocolate chiffon cake,42.15,1.07,0.21,Indian
443.07,43.06,7.57,27.16,18.27,1.88,88.17,2.72,Coffee drops,,,,57.09,1.48,0.03,Indian
36.13,4.72,2.09,0.93,2.28,1.66,141.73,21.36,Cucumber and yogurt salad (Kheere aur dahi ka salad),,,,68.49,0.52,6.74,Indian
335.75,2.07,3.84,34.7,0.75,0.6,57.44,44.36,Indian lamb and egg curry (Nargisi kofta),,,,12.91,0.55,7.67,Indian
187.53,17.22,6.37,10.86,15.31,0.0,47.77,32.45,,,,Cold chocolate souffle,62.91,0.68,1.3,Indian
785.37,5.49,1.98,84.11,0.53,0.31,121.05,6.85,Cheese toast,,,,43.87,0.31,0.0,Indian
47.94,1.19,11.47,12.02,0.54,1.57,8953.64,11.38,,,Chicken consomme (Clear chicken soup),,35.48,1.82,2.1,Indian
261.35,34.71,3.3,12.48,9.52,0.71,110.04,33.99,,,,Fruit flan,19.28,0.61,3.3,Indian
147.05,5.85,5.73,11.21,3.44,0.3,268.69,42.67,,,Baked potato soup,,106.56,0.27,18.93,Indian
47.94,1.19,11.47,12.02,0.54,1.57,8953.64,11.38,,,Chicken consomme (Clear chicken soup),,35.48,1.82,2.1,Indian
56.72,3.98,2.89,3.2,3.34,0.79,31.16,,,,Spinach soup in milk,,106.1,1.08,,Indian
294.53,35.05,6.09,14.14,0.87,3.72,377.1,11.96,,Poha,,,37.67,3.01,6.62,Indian
78.65,3.68,10.13,13.8,1.94,0.91,8376.94,38.67,,,Almond soup (Badam ka soup),,114.95,2.83,7.68,Indian
91.2,4.74,1.69,7.25,1.07,2.36,89.73,75.87,,Mooli bhujia,,,131.88,2.37,80.77,Indian
39.81,3.63,11.06,12.9,0.87,2.49,10958.11,65.46,,,Green pea soup (Matar ka soup),,46.63,2.18,41.12,Indian
495.19,11.15,1.9,49.38,1.46,1.32,128.78,8.87,Sesame toast,,,,43.44,0.72,6.92,Indian
23.16,3.65,0.64,0.75,3.62,0.0,4.92,5.6,Instant coffee,,,,20.87,0.06,1.51,Indian
47.85,2.42,3.22,2.8,1.98,0.28,68.03,106.5,,,Paneer soup,,82.76,0.3,7.59,Indian
133.7,28.16,1.71,2.28,27.66,0.11,16.57,12.02,,Rajbogh,,,63.23,0.17,2.69,Indian
57.42,7.11,1.86,2.52,7.08,0.0,14.63,16.85,Orange milkshake (Narangi milkshake),,,,67.42,0.11,10.82,Indian
335.61,45.14,6.01,15.18,27.58,0.64,241.93,9.21,,,,Chocolate cake,41.13,1.08,0.15,Indian
105.48,3.37,3.98,8.46,1.96,1.16,142.45,56.6,,Paneer lababdar,,,55.56,0.56,27.48,Indian
79.95,7.95,5.04,3.36,7.12,0.1,301.07,,,,,Curd dip,167.17,0.25,,Indian
32.75,5.72,0.56,1.0,5.52,0.26,23.2,12.64,,,,Coco pine cooler,17.81,0.13,10.67,Indian
205.63,1.68,9.69,17.82,1.07,0.93,400.29,32.02,Cheese and mushroom omelette/omlet,,,,148.77,1.01,0.48,Indian
243.37,32.24,7.05,10.12,22.34,0.32,46.54,17.22,,,,Chocolate pastry,50.7,1.44,0.25,Indian
125.18,12.24,3.87,6.57,2.09,2.48,116.69,28.57,Vegetable pancake,,,,42.89,0.79,20.63,Indian
24.9,5.23,0.17,0.51,5.14,0.16,0.29,0.82,Kashmiri tea (Kehwa),,,,3.19,0.07,0.06,Indian
45.35,0.12,4.43,3.04,0.0,0.11,170.94,24.77,Boiled egg (Ubla anda),,,,17.75,0.64,0.0,Indian
96.04,4.18,10.61,4.15,1.43,0.54,378.14,103.7,,,Ham and Bean soup,,20.52,0.88,22.31,Indian
32.25,3.56,0.99,1.63,0.9,0.31,22.35,50.13,,,Sweet corn soup,,3.72,0.41,10.33,Indian
157.67,8.47,6.82,10.6,1.23,1.59,344.23,14.58,Bacon and mushroom pancake,,,,44.74,0.54,1.91,Indian
171.46,16.05,4.37,10.38,14.03,0.33,38.78,15.6,,,,Fruit Ice cream (Phalon ka Ice cream),93.35,0.36,4.02,Indian
443.07,43.06,7.57,27.16,18.27,1.88,88.17,2.72,Coffee drops,,,,57.09,1.48,0.03,Indian
335.61,45.14,6.01,15.18,27.58,0.64,241.93,9.21,,,,Chocolate cake,41.13,1.08,0.15,Indian
383.33,65.04,10.8,8.33,26.54,4.51,12.33,11.87,Rice dal porridge (Chawal dal ki khichdi/khichri),,,,50.46,2.76,0.0,Indian
665.67,7.32,0.37,70.46,4.37,0.65,86.87,8.97,,,,Banana chips (Kele ke chips),2.01,0.19,4.03,Indian
55.21,7.6,2.22,1.55,1.61,3.01,170.68,,,,Vegetable soup,,18.1,0.63,,Indian
745.5,9.7,4.39,76.32,0.16,2.27,65.87,13.31,,Plain urad dal vada (Uzunne vada/Minapa garelu/Ulundu vadai/Medu vada),,,10.6,0.96,0.0,Indian
98.21,19.11,1.95,1.37,0.17,0.98,61.29,7.94,,Kashmiri 'tahar',,,3.93,0.32,0.02,Indian
639.81,2.87,0.98,69.4,0.89,0.9,92.85,90.4,,Cabbage kofta curry (Pattagobhi kofta curry),,,15.46,0.34,43.56,Indian
97.81,3.93,4.61,13.12,1.81,1.38,4461.22,44.01,,,Cream of tomato soup,,39.61,0.95,53.23,Indian
500.94,3.27,2.85,55.99,1.1,0.86,2257.67,40.59,,Soya chunks sweet and sour (Nutrinugget sweet and sour),,,13.89,0.7,37.78,Indian
66.78,8.65,2.06,2.83,8.61,0.0,16.34,12.65,Flavoured milkshake,,,,75.05,0.11,3.62,Indian
496.45,7.39,2.0,50.94,0.32,1.35,57.11,43.66,,Poshtik cutlet,,,14.94,0.69,16.42,Indian
32.59,3.03,10.54,14.26,0.29,1.98,12088.21,150.94,,,Spinach soup (Palak ka soup),,56.23,2.68,30.99,Indian
16.9,0.59,0.11,1.56,0.22,0.16,287.15,5.63,,,Cold tomato soup,,4.2,0.1,10.09,Indian
301.91,29.06,4.49,19.01,19.72,0.29,100.32,25.81,,,,Steamed cake with chocolate sauce,67.76,0.85,1.81,Indian
312.01,43.45,6.66,13.19,34.2,0.32,196.61,14.7,,,,Chocolate eggless cake,185.38,0.95,2.67,Indian
239.86,39.54,9.13,5.51,25.0,0.52,61.47,19.87,,,,Chocolate sponge cake,33.99,1.81,0.0,Indian
54.42,8.24,11.26,13.28,1.26,2.6,11602.5,27.88,,,Mulligatawny soup,,43.89,2.65,8.37,Indian
271.98,27.32,6.98,15.29,16.47,1.65,101.0,19.12,Khoa and coconut pancake,,,,157.22,1.12,0.73,Indian
84.92,3.4,3.36,6.45,1.97,0.55,110.12,41.14,Beetroot and egg salad (Chukandar aur ande ka salad),,,,18.13,0.55,6.0,Indian
38.63,4.13,1.58,1.62,2.2,2.34,79.66,103.99,,Baked brinjal in tomato sauce,,,26.24,0.32,68.38,Indian
294.35,40.53,8.5,10.28,0.59,5.56,97.25,9.63,,Jowar dosa,,,19.46,2.03,0.0,Indian
37.32,3.12,6.72,9.77,1.79,2.34,7311.44,53.08,,,Curried Cauliflower soup,,37.25,2.12,51.86,Indian
43.02,8.83,1.44,0.62,0.06,4.58,215.09,2.23,,Gooseberry chutney (Amla chutney),,,46.4,1.22,4.84,Indian
54.42,8.24,11.26,13.28,1.26,2.6,11602.5,27.88,,,Mulligatawny soup,,43.89,2.65,8.37,Indian
32.75,5.72,0.56,1.0,5.52,0.26,23.2,12.64,,,,Coco pine cooler,17.81,0.13,10.67,Indian
312.01,43.45,6.66,13.19,34.2,0.32,196.61,14.7,,,,Chocolate eggless cake,185.38,0.95,2.67,Indian
416.57,46.55,6.9,23.0,21.69,1.59,112.53,3.0,Coffee biscuit,,,,48.92,1.27,0.03,Indian
386.05,58.07,5.43,15.01,24.89,2.28,120.2,2.53,,Christmas wreath biscuit,,,29.71,1.21,2.28,Indian
48.03,4.58,2.99,1.99,3.34,0.88,121.32,27.42,,,Cold cucumber soup (Thanda kheere ka soup),,99.79,0.32,5.05,Indian
495.19,11.15,1.9,49.38,1.46,1.32,128.78,8.87,Sesame toast,,,,43.44,0.72,6.92,Indian
107.09,9.11,2.09,7.09,9.03,0.09,17.27,19.39,,,,Fruit delight,71.69,0.15,7.74,Indian
187.53,17.22,6.37,10.86,15.31,0.0,47.77,32.45,,,,Cold chocolate souffle,62.91,0.68,1.3,Indian
255.51,20.44,3.34,17.55,13.36,5.15,177.62,16.82,,Garlic chutney/Poondu chutney (Lahasun ki chutney),,,63.51,3.26,5.7,Indian
681.67,4.64,2.16,72.77,0.23,0.58,93.33,32.4,Vegeterian scotch egg,,,,15.2,0.46,12.53,Indian
157.67,8.47,6.82,10.6,1.23,1.59,344.23,14.58,Bacon and mushroom pancake,,,,44.74,0.54,1.91,Indian
211.04,0.41,10.03,18.86,0.1,0.38,381.85,25.79,French omelette/omlet,,,,46.35,1.58,0.48,Indian
90.01,9.02,3.43,4.61,8.86,0.0,36.04,13.41,,,,Hot chocolate,113.63,0.33,3.62,Indian
227.05,32.84,7.3,7.12,4.37,4.04,202.36,15.86,,Semolina dosa (Suji/Rava dosa),,,116.04,1.39,2.28,Indian
80.07,3.45,4.79,12.22,1.44,1.96,5135.74,43.91,,,Clear tomato soup (Tamatar ka soup),,29.05,1.14,53.16,Indian
31.17,3.94,9.65,11.68,1.06,2.57,10418.84,34.92,,,Lentil soup,,40.57,2.26,17.9,Indian
23.05,1.16,0.45,1.79,0.39,0.96,53.81,52.73,,,Bottle gourd soup (Ghiya/Lauki soup),,15.14,0.26,6.0,Indian
15.91,3.01,0.39,0.33,2.96,0.0,2.82,1.27,Steeped hot coffee,,,,10.4,0.06,0.3,Indian
127.55,4.44,7.19,8.91,1.43,1.82,79.62,36.31,,,Chicken stew,,31.53,0.9,20.89,Indian
187.53,17.22,6.37,10.86,15.31,0.0,47.77,32.45,,,,Cold chocolate souffle,62.91,0.68,1.3,Indian
287.36,54.63,4.65,7.09,43.38,2.06,2.53,24.28,,Split bengal gram burfi/fudge (Channa dal burfi),,,16.44,0.62,0.6,Indian
28.32,1.63,14.48,12.59,0.27,0.47,12205.33,13.45,,,Chicken sweet corn soup,,91.5,3.83,2.02,Indian
23.13,5.99,0.07,0.02,5.88,0.17,2.26,9.13,,,,Fruit Punch (with squashes),3.3,0.06,15.08,Indian
335.75,2.07,3.84,34.7,0.75,0.6,57.44,44.36,Indian lamb and egg curry (Nargisi kofta),,,,12.91,0.55,7.67,Indian
23.16,3.65,0.64,0.75,3.62,0.0,4.92,5.6,Instant coffee,,,,20.87,0.06,1.51,Indian
97.81,3.93,4.61,13.12,1.81,1.38,4461.22,44.01,,,Cream of tomato soup,,39.61,0.95,53.23,Indian
509.89,16.47,3.52,47.91,3.41,2.24,93.98,157.03,,Bhel puri,,,24.22,1.29,31.61,Indian
11.88,1.76,0.34,0.34,0.51,0.73,207.89,24.84,,,Cold cucumber cream soup,,8.02,0.16,14.72,Indian
145.55,10.22,6.98,8.41,4.85,3.08,73.15,102.72,,,Veg paneer stew,,160.51,1.37,32.41,Indian
51.54,6.62,1.75,2.14,6.53,0.0,13.98,5.53,Espreso coffee,,,,58.1,0.15,1.51,Indian
107.09,9.11,2.09,7.09,9.03,0.09,17.27,19.39,,,,Fruit delight,71.69,0.15,7.74,Indian
311.71,37.87,5.76,15.8,24.25,0.7,188.59,12.0,,,,Chocolate chiffon cake,42.15,1.07,0.21,Indian
530.03,8.01,2.35,54.24,0.73,0.45,112.45,3.35,,Potato aigrettes,,,9.2,0.45,1.16,Indian
23.13,5.99,0.07,0.02,5.88,0.17,2.26,9.13,,,,Fruit Punch (with squashes),3.3,0.06,15.08,Indian
47.94,1.19,11.47,12.02,0.54,1.57,8953.64,11.38,,,Chicken consomme (Clear chicken soup),,35.48,1.82,2.1,Indian
312.01,43.45,6.66,13.19,34.2,0.32,196.61,14.7,,,,Chocolate eggless cake,185.38,0.95,2.67,Indian
59.77,5.69,8.27,12.35,1.77,1.98,8694.79,37.89,,,Cream of carrot soup,,57.24,1.73,10.68,Indian
239.42,26.22,4.24,13.5,17.34,0.33,85.88,18.34,,,,Chocolate eclairs,34.21,0.68,0.4,Indian
16.14,2.58,0.39,0.53,2.58,0.0,3.12,1.8,Hot tea (Garam Chai),,,,14.2,0.02,0.5,Indian
154.89,19.42,6.97,5.11,1.11,4.25,267.23,79.95,,Moong dal stuffed cheela/chilla (Moong dal ka cheela/chilla),,,39.34,2.22,34.81,Indian
107.09,9.11,2.09,7.09,9.03,0.09,17.27,19.39,,,,Fruit delight,71.69,0.15,7.74,Indian
49.88,3.82,1.33,3.24,1.9,1.33,65.09,75.97,,Tossed green salad,,,33.71,1.27,58.24,Indian
241.27,4.8,3.01,23.44,4.39,0.41,119.58,7.03,,,,Mayonnaise vegetable dip,91.42,0.28,4.58,Indian
459.43,48.43,10.49,24.96,22.06,0.99,156.53,19.54,,Milk cookies,,,251.59,0.75,2.03,Indian
436.29,62.43,3.22,20.8,59.88,0.0,8.66,1.52,,,,Chocolate glace icing,26.75,2.04,0.0,Indian
240.84,42.92,6.55,4.37,1.03,1.6,177.24,30.08,Home made egg noodles,,,,15.96,1.15,0.0,Indian
379.76,51.56,5.88,17.09,24.16,1.01,127.02,1.81,,,,Chocolate biscuit,41.51,1.14,0.03,Indian
243.12,29.76,10.31,8.84,4.81,3.11,160.4,94.26,,Masala dosa paneer fillings,,,171.23,1.27,11.5,Indian
100.54,3.45,5.21,13.31,1.13,1.74,4429.81,298.06,,,Cream of spinach soup,,70.77,2.1,63.34,Indian
145.61,9.7,6.99,8.81,7.49,1.5,151.45,64.79,,Paneer in butter sauce,,,170.59,0.85,18.02,Indian
24.41,2.85,1.11,0.87,0.44,1.54,102.77,28.91,,Rasam with lemon (Nimmakaya rasam/Nimmakaya charu/Elumichai rasam/Nimbe hannina saaru),,,15.56,0.52,19.71,Indian
128.78,0.17,12.64,8.68,0.05,0.17,183.89,290.24,Egg in a pepper,,,,48.25,1.76,33.6,Indian
23.05,1.16,0.45,1.79,0.39,0.96,53.81,52.73,,,Bottle gourd soup (Ghiya/Lauki soup),,15.14,0.26,6.0,Indian
120.9,7.74,9.25,5.77,1.13,0.76,101.8,37.04,,Fish pie,,,36.15,0.46,27.02,Indian
107.09,9.11,2.09,7.09,9.03,0.09,17.27,19.39,,,,Fruit delight,71.69,0.15,7.74,Indian
257.71,29.1,8.2,12.8,4.1,2.33,571.96,12.08,,Cheese and pineapple sandwich (Cheese aur ananas ka sandwich),,,199.73,1.04,3.64,Indian
107.18,16.02,5.27,2.89,15.81,0.08,73.61,50.44,Sweetened yogurt (Shrikhand),,,,183.02,0.17,2.79,Indian
68.35,9.18,1.93,2.8,9.11,0.23,16.64,46.37,Mango milkshake with ice cream (Aam milkshake ice cream ke saath),,,,69.36,0.15,16.96,Indian
100.54,3.45,5.21,13.31,1.13,1.74,4429.81,298.06,,,Cream of spinach soup,,70.77,2.1,63.34,Indian
68.91,6.26,3.45,3.34,5.87,0.84,87.08,33.72,,,Whey soup,,164.92,0.55,2.55,Indian
295.11,49.32,8.29,7.99,0.82,8.57,149.63,6.32,Namkeen daliya,,,,35.98,2.99,6.88,Indian
41.13,1.87,12.39,17.07,0.84,1.8,13695.35,20.27,,,Cheese soup,,83.65,2.4,5.29,Indian
23.13,5.99,0.07,0.02,5.88,0.17,2.26,9.13,,,,Fruit Punch (with squashes),3.3,0.06,15.08,Indian
23.16,3.65,0.64,0.75,3.62,0.0,4.92,5.6,Instant coffee,,,,20.87,0.06,1.51,Indian
35.63,4.17,10.12,12.78,0.77,1.94,11088.14,48.58,,,Talaumein soup,,42.33,2.23,12.62,Indian
187.53,17.22,6.37,10.86,15.31,0.0,47.77,32.45,,,,Cold chocolate souffle,62.91,0.68,1.3,Indian
194.86,6.99,2.38,17.62,2.39,1.66,179.26,21.85,,,Garlic soup,,60.55,0.73,11.12,Indian
35.71,2.95,8.22,11.66,1.64,1.64,9202.27,31.61,,,Mixed vegetable soup,,50.69,1.74,20.06,Indian
60.2,6.14,8.1,12.05,1.24,1.51,8503.99,33.19,,,Cream of potato soup,,51.97,1.7,28.86,Indian
211.96,29.59,3.55,9.48,20.68,0.53,171.36,18.08,,,,Chocolate pudding,64.56,0.6,0.75,Indian
125.59,6.31,1.75,10.35,3.73,1.96,312.86,27.6,,,Gravy for kofta,,39.65,0.75,17.05,Indian
44.16,6.93,0.98,1.36,3.88,0.72,11.95,11.86,,Semolina milk drink (Thari kanji),,,8.26,0.36,6.58,Indian
495.19,11.15,1.9,49.38,1.46,1.32,128.78,8.87,Sesame toast,,,,43.44,0.72,6.92,Indian
393.64,45.18,6.06,20.75,6.82,2.14,714.52,2.15,,Masala biscuit,,,53.73,1.32,0.15,Indian
226.09,26.21,6.7,11.1,22.88,0.12,54.11,30.6,,,,Hot chocolate souffle,60.19,1.08,0.9,Indian
128.78,0.17,12.64,8.68,0.05,0.17,183.89,290.24,Egg in a pepper,,,,48.25,1.76,33.6,Indian
56.72,3.98,2.89,3.2,3.34,0.79,31.16,,,,Spinach soup in milk,,106.1,1.08,,Indian
335.75,2.07,3.84,34.7,0.75,0.6,57.44,44.36,Indian lamb and egg curry (Nargisi kofta),,,,12.91,0.55,7.67,Indian
96.04,4.18,10.61,4.15,1.43,0.54,378.14,103.7,,,Ham and Bean soup,,20.52,0.88,22.31,Indian
41.13,1.87,12.39,17.07,0.84,1.8,13695.35,20.27,,,Cheese soup,,83.65,2.4,5.29,Indian
52.54,8.36,2.71,0.94,0.92,1.28,62.79,11.32,Lentils and wheat porridge (Dal wheat porridge/daliya ),,,,26.28,0.52,0.6,Indian
100.54,3.45,5.21,13.31,1.13,1.74,4429.81,298.06,,,Cream of spinach soup,,70.77,2.1,63.34,Indian
76.45,11.15,2.01,2.77,9.94,0.27,16.63,20.73,Banana milkshake with ice cream (Kele ka milkshake ice cream ke saath),,,,68.3,0.14,6.99,Indian
475.33,58.0,5.33,24.92,21.73,1.37,201.06,1.02,,Danish cookies,,,15.97,0.98,0.0,Indian
26.64,1.1,12.93,13.52,0.6,0.81,12418.84,28.19,Egg drop soup,,,,100.14,3.93,8.51,Indian
116.12,16.11,3.49,4.34,10.79,0.36,22.47,20.33,,Phirni,,,104.57,0.23,5.04,Indian
89.57,15.64,2.14,1.89,7.69,1.68,5.59,23.98,Maize porridge,,,,17.02,1.11,3.03,Indian
203.36,20.49,5.68,10.82,3.32,0.65,143.7,5.43,Pancake,,,,79.49,0.69,0.5,Indian
31.17,3.94,9.65,11.68,1.06,2.57,10418.84,34.92,,,Lentil soup,,40.57,2.26,17.9,Indian
243.37,32.24,7.05,10.12,22.34,0.32,46.54,17.22,,,,Chocolate pastry,50.7,1.44,0.25,Indian
11.88,1.76,0.34,0.34,0.51,0.73,207.89,24.84,,,Cold cucumber cream soup,,8.02,0.16,14.72,Indian
676.89,1.91,4.05,72.62,0.3,0.36,90.67,30.63,Scotch egg,,,,15.03,0.6,2.59,Indian
