Age,Gender,Weight_kg,Height_cm,BMI,Disease_Type,Severity,Physical_Activity_Level,Daily_Caloric_Intake,Goal,Weight_Change_Per_Week
56,Male,58.4,160,22.8,Obesity,Moderate,Moderate,3079,Weight Loss,-0.5
69,Male,101.2,169,35.4,Diabetes,Mild,Moderate,3032,Weight Loss,-0.2
46,Female,63.5,173,21.2,Hypertension,Mild,Sedentary,1737,Weight Loss,-0.5
32,Male,58.1,164,21.6,None,Mild,Moderate,2657,Weight Loss,-0.5
60,Male,79.5,197,20.5,Diabetes,Moderate,Sedentary,3496,Weight Loss,-0.5
25,Female,105.7,156,43.4,Obesity,Severe,Active,2715,Weight Loss,-0.2
78,Male,102.2,170,35.4,None,Mild,Active,2879,Weight Loss,-0.2
38,Male,53.8,191,14.7,Diabetes,Severe,Moderate,1777,Maintenance,0.0
56,Male,81.9,175,26.7,Obesity,Severe,Active,2541,Weight Loss,-0.2
75,Male,86.6,193,23.2,Hypertension,Moderate,Active,2023,Weight Gain,0.2
36,Male,95.1,163,35.8,Hypertension,Mild,Moderate,1679,Weight Gain,0.5
40,Female,95.5,186,27.6,Diabetes,Severe,Sedentary,1622,Maintenance,0.0
28,Male,75.5,170,26.1,Diabetes,Mild,Moderate,2769,Weight Loss,-0.5
28,Male,89.2,167,32.0,Obesity,Mild,Sedentary,3257,Weight Loss,-0.5
41,Male,83.7,154,35.3,None,Moderate,Moderate,2896,Weight Loss,-0.7
70,Male,111.9,152,48.4,Obesity,Mild,Moderate,2574,Weight Loss,-0.2
53,Male,87.1,172,29.4,Hypertension,Mild,Active,2594,Weight Loss,-0.5
57,Female,80.9,175,26.4,Diabetes,Severe,Moderate,1979,Weight Loss,-0.2
41,Male,78.3,186,22.6,Obesity,Moderate,Moderate,3083,Weight Loss,-0.5
20,Female,90.1,173,30.1,Diabetes,Mild,Sedentary,2542,Weight Loss,-0.5
39,Female,106.3,198,27.1,None,Severe,Active,3297,Weight Loss,-0.2
70,Male,87.7,168,31.1,None,Moderate,Sedentary,1583,Weight Loss,-0.2
19,Male,96.3,174,31.8,Obesity,Moderate,Sedentary,2678,Weight Loss,-0.5
41,Male,101.6,170,35.2,None,Severe,Active,2064,Weight Gain,0.2
61,Male,86.4,161,33.3,Diabetes,Severe,Active,2118,Maintenance,0.0
47,Female,79.9,190,22.1,Obesity,Severe,Active,1856,Weight Gain,0.2
55,Male,111.4,182,33.6,Hypertension,Severe,Moderate,2315,Weight Gain,0.2
19,Male,79.2,199,20.0,None,Severe,Active,2146,Weight Gain,0.2
77,Male,82.3,153,35.2,Diabetes,Mild,Active,1942,Maintenance,0.0
38,Male,119.3,191,32.7,Obesity,Mild,Active,2592,Weight Gain,0.5
50,Male,50.0,156,20.5,None,Moderate,Sedentary,2022,Weight Loss,-0.5
29,Male,63.0,171,21.5,Diabetes,Mild,Sedentary,1642,Weight Loss,-0.5
75,Female,76.9,182,23.2,Hypertension,Mild,Moderate,1691,Weight Loss,-0.2
39,Female,115.3,166,41.8,Obesity,Mild,Sedentary,2910,Weight Loss,-0.7
78,Male,54.9,173,18.3,Hypertension,Severe,Moderate,1877,Weight Loss,-0.2
61,Male,50.7,183,15.1,Diabetes,Moderate,Sedentary,2080,Weight Loss,-0.2
42,Male,53.7,177,17.1,Diabetes,Moderate,Active,2034,Weight Loss,-0.2
66,Female,56.2,192,15.2,Diabetes,Moderate,Sedentary,3216,Weight Loss,-0.2
44,Male,52.6,190,14.6,None,Moderate,Moderate,2816,Weight Loss,-0.2
76,Female,83.6,188,23.7,Hypertension,Mild,Sedentary,2532,Weight Loss,-0.2
59,Male,90.7,171,31.0,Diabetes,Mild,Active,2794,Weight Loss,-0.5
45,Male,69.0,198,17.6,Hypertension,Severe,Moderate,2910,Weight Loss,-0.2
77,Male,77.9,166,28.3,Hypertension,Moderate,Active,1592,Weight Gain,0.2
33,Male,56.4,183,16.8,Diabetes,Mild,Active,3489,Weight Loss,-0.2
32,Female,73.5,155,30.6,Hypertension,Mild,Moderate,2028,Weight Loss,-0.5
79,Female,86.6,195,22.8,Hypertension,Severe,Active,2677,Weight Loss,-0.2
79,Male,101.3,155,42.2,Hypertension,Severe,Active,1904,Weight Gain,0.2
64,Male,50.2,183,15.0,Obesity,Severe,Sedentary,2339,Weight Loss,-0.2
79,Female,82.7,150,36.8,Diabetes,Mild,Active,2672,Weight Loss,-0.2
68,Female,70.8,159,28.0,Obesity,Mild,Active,2388,Weight Loss,-0.2
61,Female,109.7,170,38.0,Hypertension,Severe,Active,2790,Weight Loss,-0.2
72,Female,100.1,154,42.2,Hypertension,Moderate,Active,1921,Maintenance,0.0
69,Male,91.2,151,40.0,Obesity,Severe,Moderate,3363,Weight Loss,-0.2
74,Female,69.4,171,23.7,Hypertension,Severe,Sedentary,3141,Weight Loss,-0.2
20,Male,113.7,197,29.3,None,Severe,Active,1971,Weight Gain,0.2
54,Female,53.2,151,23.3,Obesity,Severe,Active,2392,Weight Loss,-0.2
68,Female,57.7,159,22.8,Hypertension,Mild,Moderate,2046,Weight Loss,-0.2
24,Female,77.4,183,23.1,None,Moderate,Active,2130,Weight Gain,0.5
38,Female,58.7,165,21.6,Obesity,Severe,Moderate,3049,Weight Loss,-0.2
26,Female,116.9,197,30.1,Diabetes,Moderate,Sedentary,3026,Weight Loss,-0.5
56,Male,105.9,188,30.0,Diabetes,Moderate,Sedentary,2537,Weight Loss,-0.5
35,Male,68.1,171,23.3,Diabetes,Moderate,Active,2277,Weight Loss,-0.5
21,Female,91.2,161,35.2,None,Severe,Active,3175,Weight Loss,-0.2
42,Female,118.8,173,39.7,Obesity,Mild,Active,3329,Weight Loss,-0.7
77,Male,111.9,196,29.1,None,Severe,Moderate,1863,Weight Gain,0.2
31,Female,92.1,189,25.8,Obesity,Moderate,Active,1618,Weight Gain,0.5
67,Female,113.3,187,32.4,Hypertension,Moderate,Active,2761,Weight Loss,-0.2
75,Male,119.2,159,47.2,Diabetes,Mild,Sedentary,2045,Weight Loss,-0.2
26,Female,102.0,184,30.1,Obesity,Severe,Active,2692,Maintenance,0.0
43,Female,54.5,198,13.9,Hypertension,Moderate,Sedentary,2021,Weight Loss,-0.2
70,Male,78.1,181,23.8,None,Mild,Active,2133,Maintenance,0.0
19,Male,108.6,156,44.6,Diabetes,Moderate,Sedentary,3436,Weight Loss,-0.7
37,Male,66.1,170,22.9,Hypertension,Mild,Active,3180,Weight Loss,-0.5
45,Female,108.1,169,37.8,Obesity,Mild,Sedentary,2462,Weight Loss,-0.7
64,Male,58.4,175,19.1,Obesity,Severe,Moderate,2457,Weight Loss,-0.2
77,Male,53.3,153,22.8,Hypertension,Moderate,Sedentary,3258,Weight Loss,-0.2
24,Male,76.9,195,20.2,Obesity,Severe,Sedentary,2382,Weight Loss,-0.2
61,Male,52.6,171,18.0,Diabetes,Moderate,Sedentary,3292,Weight Loss,-0.2
78,Male,117.0,164,43.5,Obesity,Severe,Active,2279,Weight Gain,0.2
25,Male,107.8,189,30.2,Obesity,Moderate,Active,2370,Weight Gain,0.5
64,Female,106.1,170,36.7,None,Severe,Active,2015,Weight Gain,0.2
52,Female,94.1,164,35.0,None,Mild,Moderate,2437,Weight Loss,-0.7
31,Male,65.1,171,22.3,Hypertension,Moderate,Moderate,2920,Weight Loss,-0.5
34,Male,86.3,177,27.5,Diabetes,Moderate,Sedentary,2365,Weight Loss,-0.5
53,Male,91.8,163,34.6,None,Mild,Moderate,1605,Weight Gain,0.5
67,Female,86.8,176,28.0,Hypertension,Severe,Sedentary,2608,Weight Loss,-0.2
57,Female,68.2,190,18.9,None,Moderate,Sedentary,1713,Weight Loss,-0.5
21,Female,86.1,189,24.1,Diabetes,Moderate,Sedentary,2644,Weight Loss,-0.5
19,Female,84.4,177,26.9,Obesity,Severe,Moderate,2655,Weight Loss,-0.2
79,Female,119.7,175,39.1,None,Mild,Active,2349,Maintenance,0.0
23,Female,112.8,198,28.8,None,Severe,Moderate,1696,Weight Gain,0.2
71,Female,82.4,151,36.1,Hypertension,Severe,Sedentary,1518,Weight Loss,-0.2
59,Female,93.6,174,30.9,Obesity,Severe,Sedentary,2141,Weight Loss,-0.2
21,Female,102.4,152,44.3,Hypertension,Moderate,Moderate,2535,Weight Loss,-0.7
71,Male,52.4,157,21.3,Diabetes,Mild,Sedentary,2604,Weight Loss,-0.2
46,Male,112.6,193,30.2,Obesity,Mild,Sedentary,1829,Weight Gain,0.5
35,Male,110.2,182,33.3,Obesity,Severe,Moderate,2365,Weight Gain,0.2
43,Male,82.0,191,22.5,None,Moderate,Moderate,2273,Maintenance,0.0
61,Female,77.4,184,22.9,Hypertension,Severe,Moderate,1891,Weight Loss,-0.2
51,Female,69.1,155,28.8,Diabetes,Moderate,Sedentary,2136,Weight Loss,-0.5
27,Male,83.4,188,23.6,Diabetes,Moderate,Sedentary,1806,Weight Loss,-0.5
79,Female,53.1,172,17.9,Hypertension,Moderate,Active,2790,Weight Loss,-0.2
53,Male,109.7,174,36.2,Hypertension,Moderate,Active,2970,Weight Loss,-0.7
31,Female,52.5,199,13.3,Obesity,Mild,Moderate,2964,Weight Loss,-0.2
48,Male,73.0,192,19.8,Hypertension,Moderate,Active,2394,Maintenance,0.0
65,Female,115.2,168,40.8,None,Moderate,Sedentary,2151,Weight Loss,-0.7
32,Female,101.5,154,42.8,None,Severe,Active,2340,Maintenance,0.0
25,Male,69.7,160,27.2,Obesity,Severe,Sedentary,2525,Weight Loss,-0.2
31,Female,67.7,161,26.1,None,Mild,Moderate,2019,Weight Loss,-0.5
40,Male,50.4,159,19.9,Obesity,Severe,Moderate,3285,Weight Loss,-0.2
77,Male,98.7,157,40.0,Hypertension,Moderate,Sedentary,3174,Weight Loss,-0.2
74,Male,53.4,173,17.8,Diabetes,Severe,Active,2135,Weight Loss,-0.2
79,Male,87.3,177,27.9,Hypertension,Mild,Moderate,2832,Weight Loss,-0.2
57,Female,117.3,190,32.5,Hypertension,Severe,Moderate,2239,Weight Gain,0.2
38,Female,57.7,185,16.9,None,Severe,Active,3045,Weight Loss,-0.2
33,Female,112.6,186,32.5,Hypertension,Mild,Active,1968,Weight Gain,0.5
62,Male,119.4,170,41.3,None,Mild,Sedentary,1711,Maintenance,0.0
35,Female,54.3,157,22.0,Obesity,Moderate,Active,2635,Weight Loss,-0.5
64,Male,111.8,158,44.8,Diabetes,Severe,Active,2531,Maintenance,0.0
70,Female,86.1,196,22.4,None,Moderate,Active,2303,Weight Loss,-0.2
41,Female,113.5,164,42.2,Hypertension,Severe,Sedentary,1976,Weight Loss,-0.2
43,Female,90.0,197,23.2,Hypertension,Severe,Sedentary,2373,Weight Loss,-0.2
42,Male,96.3,195,25.3,Obesity,Moderate,Moderate,1959,Weight Gain,0.5
77,Female,88.1,189,24.7,Diabetes,Severe,Sedentary,1752,Weight Loss,-0.2
77,Female,110.5,167,39.6,Obesity,Severe,Moderate,3049,Weight Loss,-0.2
77,Male,101.4,191,27.8,Hypertension,Severe,Active,2251,Weight Gain,0.2
62,Female,86.5,169,30.3,Hypertension,Mild,Moderate,2961,Weight Loss,-0.5
58,Male,110.8,155,46.1,None,Moderate,Moderate,3277,Weight Loss,-0.7
46,Female,67.2,161,25.9,Hypertension,Mild,Active,2480,Weight Loss,-0.5
32,Male,61.0,151,26.8,Diabetes,Moderate,Moderate,2353,Weight Loss,-0.5
62,Male,61.2,156,25.1,Hypertension,Moderate,Sedentary,3184,Weight Loss,-0.5
18,Female,73.4,165,27.0,None,Severe,Sedentary,1735,Weight Loss,-0.2
42,Male,66.7,152,28.9,Diabetes,Moderate,Sedentary,2829,Weight Loss,-0.5
24,Male,115.1,194,30.6,Diabetes,Mild,Sedentary,1977,Weight Gain,0.5
26,Male,57.4,152,24.8,Diabetes,Mild,Moderate,2178,Weight Loss,-0.5
41,Male,98.9,176,31.9,Diabetes,Mild,Moderate,2543,Weight Loss,-0.5
18,Male,63.2,199,16.0,None,Moderate,Active,1715,Weight Gain,0.2
61,Male,111.7,192,30.3,Obesity,Mild,Moderate,2354,Weight Gain,0.5
25,Female,117.3,189,32.8,Hypertension,Moderate,Moderate,1634,Weight Gain,0.5
41,Male,82.6,187,23.6,Obesity,Mild,Moderate,2404,Weight Loss,-0.5
28,Male,111.5,182,33.7,Hypertension,Mild,Active,2652,Weight Gain,0.5
68,Female,50.4,177,16.1,None,Moderate,Sedentary,1909,Weight Loss,-0.2
34,Female,107.4,150,47.7,None,Mild,Moderate,2945,Weight Loss,-0.7
25,Female,66.0,157,26.8,Hypertension,Severe,Active,2817,Weight Loss,-0.2
52,Female,113.6,186,32.8,None,Moderate,Active,2769,Maintenance,0.0
52,Female,50.1,181,15.3,Obesity,Moderate,Active,3224,Weight Loss,-0.2
50,Female,88.9,197,22.9,Hypertension,Moderate,Sedentary,3079,Weight Loss,-0.5
76,Female,103.0,192,27.9,Diabetes,Severe,Moderate,1585,Weight Gain,0.2
22,Male,68.1,186,19.7,Hypertension,Moderate,Active,2055,Weight Gain,0.5
59,Male,63.5,153,27.1,Obesity,Mild,Sedentary,3365,Weight Loss,-0.5
56,Female,55.9,179,17.4,None,Mild,Active,2898,Weight Loss,-0.2
75,Male,72.9,155,30.3,Obesity,Mild,Active,2969,Weight Loss,-0.2
58,Male,89.2,195,23.5,None,Moderate,Active,1877,Weight Gain,0.5
45,Male,58.1,168,20.6,Obesity,Mild,Active,2913,Weight Loss,-0.5
24,Female,76.4,181,23.3,None,Moderate,Active,3180,Weight Loss,-0.5
26,Female,50.6,158,20.3,Obesity,Mild,Sedentary,2574,Weight Loss,-0.5
25,Male,107.3,161,41.4,Hypertension,Severe,Moderate,1741,Weight Gain,0.2
29,Female,59.0,160,23.0,Hypertension,Severe,Moderate,2817,Weight Loss,-0.2
51,Male,69.8,195,18.4,None,Severe,Moderate,2419,Weight Loss,-0.2
50,Male,51.3,165,18.8,Diabetes,Severe,Moderate,3086,Weight Loss,-0.2
65,Male,80.3,150,35.7,None,Moderate,Sedentary,1765,Weight Loss,-0.7
72,Male,108.8,194,28.9,Diabetes,Mild,Sedentary,2643,Weight Loss,-0.2
40,Female,77.5,170,26.8,Hypertension,Severe,Sedentary,2211,Weight Loss,-0.2
79,Female,62.6,179,19.5,None,Moderate,Active,3440,Weight Loss,-0.2
41,Female,102.8,162,39.2,Diabetes,Severe,Active,2771,Weight Loss,-0.2
54,Male,105.2,183,31.4,Diabetes,Severe,Active,1569,Weight Gain,0.2
52,Female,62.2,153,26.6,Hypertension,Moderate,Moderate,3376,Weight Loss,-0.5
61,Male,104.0,177,33.2,None,Moderate,Active,1556,Weight Gain,0.5
57,Female,116.3,187,33.3,Diabetes,Mild,Moderate,2905,Weight Loss,-0.5
39,Male,61.6,180,19.0,None,Mild,Active,1538,Weight Gain,0.5
44,Male,104.0,176,33.6,Diabetes,Severe,Moderate,2300,Weight Gain,0.2
52,Male,99.6,154,42.0,None,Severe,Active,2966,Weight Loss,-0.2
18,Female,83.2,174,27.5,None,Mild,Active,2541,Weight Loss,-0.5
52,Female,54.1,152,23.4,Hypertension,Mild,Sedentary,3475,Weight Loss,-0.5
54,Female,55.2,182,16.7,Hypertension,Moderate,Active,2231,Weight Loss,-0.2
64,Female,109.7,153,46.9,Hypertension,Mild,Active,2324,Weight Loss,-0.7
31,Male,119.3,174,39.4,Obesity,Mild,Sedentary,2255,Weight Loss,-0.7
20,Female,97.3,169,34.1,Diabetes,Severe,Moderate,1851,Weight Gain,0.2
18,Female,81.2,183,24.2,Diabetes,Mild,Sedentary,3495,Weight Loss,-0.5
22,Male,95.3,175,31.1,Diabetes,Severe,Sedentary,3339,Weight Loss,-0.2
43,Male,91.6,154,38.6,Hypertension,Mild,Moderate,2821,Weight Loss,-0.7
72,Male,76.9,184,22.7,Diabetes,Moderate,Active,1782,Weight Gain,0.2
31,Female,54.6,177,17.4,Obesity,Mild,Moderate,3109,Weight Loss,-0.2
56,Male,107.5,178,33.9,None,Mild,Active,1609,Weight Gain,0.5
44,Male,76.0,158,30.4,Hypertension,Mild,Active,2516,Weight Loss,-0.5
26,Male,107.3,187,30.7,Hypertension,Severe,Moderate,2703,Maintenance,0.0
32,Female,67.7,199,17.1,Hypertension,Moderate,Sedentary,3461,Weight Loss,-0.2
32,Male,50.1,155,20.9,None,Mild,Moderate,2043,Weight Loss,-0.5
43,Female,61.1,168,21.6,None,Severe,Active,3269,Weight Loss,-0.2
59,Female,82.8,193,22.2,None,Moderate,Moderate,3317,Weight Loss,-0.5
77,Male,116.1,160,45.4,None,Severe,Moderate,1524,Weight Gain,0.2
30,Male,57.2,151,25.1,Diabetes,Severe,Active,2342,Weight Loss,-0.2
68,Female,109.8,196,28.6,None,Moderate,Sedentary,2290,Weight Loss,-0.2
49,Male,86.9,193,23.3,Obesity,Mild,Moderate,2237,Maintenance,0.0
56,Male,107.8,193,28.9,Diabetes,Severe,Active,1556,Weight Gain,0.2
66,Female,70.9,158,28.4,None,Severe,Active,1679,Weight Loss,-0.2
69,Female,108.8,170,37.6,Diabetes,Mild,Moderate,1731,Weight Gain,0.2
78,Male,104.1,173,34.8,Obesity,Mild,Sedentary,3417,Weight Loss,-0.2
49,Female,66.1,183,19.7,Diabetes,Moderate,Moderate,1842,Weight Loss,-0.5
21,Male,59.2,171,20.2,Hypertension,Moderate,Sedentary,1976,Weight Loss,-0.5
47,Male,110.8,152,48.0,Obesity,Moderate,Sedentary,3322,Weight Loss,-0.7
54,Male,117.4,161,45.3,Hypertension,Mild,Sedentary,2075,Weight Loss,-0.7
40,Female,52.2,177,16.7,Hypertension,Severe,Sedentary,1954,Weight Loss,-0.2
56,Male,101.2,179,31.6,Hypertension,Severe,Moderate,2755,Weight Loss,-0.2
62,Male,113.7,175,37.1,None,Moderate,Active,1788,Weight Gain,0.5
32,Male,110.0,197,28.3,Diabetes,Mild,Active,2736,Weight Gain,0.5
60,Female,117.5,170,40.7,Hypertension,Severe,Active,1757,Weight Gain,0.2
46,Female,103.2,177,32.9,None,Moderate,Active,2029,Weight Gain,0.5
53,Female,81.0,175,26.4,None,Severe,Active,2186,Weight Loss,-0.2
30,Female,71.8,182,21.7,Hypertension,Severe,Active,2428,Weight Loss,-0.2
49,Female,72.5,170,25.1,Obesity,Mild,Moderate,1728,Weight Loss,-0.5
24,Male,100.7,184,29.7,None,Mild,Sedentary,2749,Weight Loss,-0.5
76,Female,102.2,183,30.5,None,Severe,Active,2095,Weight Gain,0.2
68,Female,64.0,190,17.7,Hypertension,Moderate,Moderate,3326,Weight Loss,-0.2
39,Female,110.8,196,28.8,Diabetes,Mild,Active,1934,Weight Gain,0.5
45,Male,100.0,167,35.9,Diabetes,Severe,Active,2381,Weight Gain,0.2
19,Female,89.4,160,34.9,Diabetes,Mild,Sedentary,2520,Weight Loss,-0.5
59,Female,83.0,172,28.1,Hypertension,Mild,Sedentary,3281,Weight Loss,-0.5
62,Male,88.0,197,22.7,Diabetes,Mild,Sedentary,1901,Weight Loss,-0.5
79,Female,61.1,171,20.9,Obesity,Severe,Active,2121,Weight Loss,-0.2
74,Male,64.3,166,23.3,Hypertension,Moderate,Active,3289,Weight Loss,-0.2
70,Male,56.4,154,23.8,Diabetes,Moderate,Active,1587,Maintenance,0.0
23,Male,60.8,193,16.3,None,Moderate,Sedentary,2083,Weight Loss,-0.2
45,Male,81.8,160,32.0,Hypertension,Mild,Moderate,3416,Weight Loss,-0.5
45,Male,87.1,179,27.2,Diabetes,Severe,Active,3065,Weight Loss,-0.2
61,Female,51.3,164,19.1,None,Mild,Active,3207,Weight Loss,-0.5
61,Male,105.8,176,34.2,Diabetes,Moderate,Active,1808,Weight Gain,0.5
37,Male,70.6,184,20.9,Obesity,Moderate,Moderate,2405,Weight Loss,-0.5
47,Female,113.8,182,34.4,Obesity,Severe,Active,1842,Weight Gain,0.2
79,Male,117.7,169,41.2,Hypertension,Mild,Moderate,1935,Weight Gain,0.2
28,Female,63.0,165,23.1,None,Moderate,Active,1676,Weight Gain,0.5
75,Female,82.3,183,24.6,Hypertension,Severe,Moderate,1638,Maintenance,0.0
72,Female,50.1,151,22.0,Hypertension,Mild,Active,1693,Weight Loss,-0.2
45,Male,91.9,184,27.1,Diabetes,Mild,Sedentary,2709,Weight Loss,-0.5
42,Male,92.5,189,25.9,Diabetes,Moderate,Sedentary,2741,Weight Loss,-0.5
56,Male,67.3,177,21.5,None,Moderate,Sedentary,2687,Weight Loss,-0.5
79,Female,89.1,196,23.2,Hypertension,Mild,Sedentary,2684,Weight Loss,-0.2
50,Male,65.8,188,18.6,Hypertension,Mild,Active,2442,Weight Loss,-0.5
18,Male,61.3,155,25.5,Hypertension,Moderate,Sedentary,2024,Weight Loss,-0.5
74,Male,95.6,158,38.3,Hypertension,Mild,Moderate,3331,Weight Loss,-0.2
44,Female,72.8,169,25.5,Diabetes,Moderate,Sedentary,3124,Weight Loss,-0.5
79,Female,91.3,150,40.6,Hypertension,Mild,Sedentary,3359,Weight Loss,-0.2
74,Male,80.3,157,32.6,Obesity,Moderate,Sedentary,2565,Weight Loss,-0.2
69,Male,118.9,172,40.2,Diabetes,Severe,Active,2414,Weight Gain,0.2
30,Male,60.5,152,26.2,Diabetes,Moderate,Sedentary,1709,Weight Loss,-0.5
58,Male,82.5,153,35.2,Diabetes,Moderate,Moderate,2240,Weight Loss,-0.7
20,Female,97.6,174,32.2,Hypertension,Severe,Sedentary,2361,Weight Loss,-0.2
56,Female,77.7,196,20.2,None,Mild,Sedentary,2798,Weight Loss,-0.5
23,Female,118.2,187,33.8,Diabetes,Severe,Sedentary,2453,Weight Loss,-0.2
25,Female,100.5,164,37.4,Diabetes,Moderate,Moderate,2802,Weight Loss,-0.7
44,Male,96.0,170,33.2,Hypertension,Mild,Sedentary,2774,Weight Loss,-0.5
26,Male,103.0,184,30.4,Obesity,Severe,Moderate,2833,Weight Loss,-0.2
79,Male,116.7,195,30.7,Obesity,Mild,Moderate,3243,Weight Loss,-0.2
54,Female,113.5,163,42.7,Hypertension,Mild,Sedentary,2332,Weight Loss,-0.7
50,Male,100.7,185,29.4,Obesity,Severe,Moderate,1639,Weight Gain,0.2
68,Female,102.4,161,39.5,Obesity,Mild,Active,2291,Weight Loss,-0.2
59,Female,60.2,166,21.8,None,Severe,Sedentary,2045,Weight Loss,-0.2
61,Male,57.2,188,16.2,None,Moderate,Sedentary,3344,Weight Loss,-0.2
41,Male,90.0,158,36.1,Diabetes,Mild,Moderate,2516,Weight Loss,-0.7
32,Male,51.3,184,15.2,Diabetes,Moderate,Moderate,3427,Weight Loss,-0.2
76,Female,83.8,162,31.9,Diabetes,Moderate,Sedentary,3053,Weight Loss,-0.2
71,Male,64.7,164,24.1,Hypertension,Mild,Active,1556,Weight Gain,0.2
49,Female,74.2,167,26.6,None,Severe,Moderate,1611,Maintenance,0.0
49,Male,104.3,182,31.5,Hypertension,Mild,Moderate,1504,Weight Gain,0.5
41,Female,115.9,155,48.2,Diabetes,Moderate,Active,2933,Weight Loss,-0.7
58,Female,55.1,176,17.8,Obesity,Moderate,Active,2937,Weight Loss,-0.2
69,Male,87.4,172,29.5,Hypertension,Severe,Sedentary,2705,Weight Loss,-0.2
66,Female,111.8,176,36.1,Diabetes,Mild,Active,2536,Weight Loss,-0.2
79,Female,55.8,183,16.7,Hypertension,Moderate,Sedentary,2862,Weight Loss,-0.2
66,Male,107.7,195,28.3,Hypertension,Moderate,Active,3320,Weight Loss,-0.2
75,Female,75.0,187,21.4,Obesity,Moderate,Moderate,2782,Weight Loss,-0.2
69,Male,72.5,163,27.3,Diabetes,Severe,Sedentary,1589,Weight Loss,-0.2
29,Female,118.4,185,34.6,Diabetes,Moderate,Sedentary,2115,Weight Loss,-0.5
79,Male,64.1,157,26.0,Hypertension,Moderate,Sedentary,2390,Weight Loss,-0.2
56,Male,98.5,184,29.1,Diabetes,Mild,Active,2197,Weight Gain,0.5
19,Female,107.5,168,38.1,Obesity,Mild,Moderate,2773,Weight Loss,-0.7
20,Female,52.9,179,16.5,Hypertension,Moderate,Sedentary,2778,Weight Loss,-0.2
66,Female,96.9,163,36.5,Hypertension,Moderate,Sedentary,3111,Weight Loss,-0.2
54,Female,116.6,169,40.8,None,Mild,Sedentary,2397,Weight Loss,-0.7
66,Female,58.7,198,15.0,Obesity,Severe,Sedentary,2470,Weight Loss,-0.2
73,Male,112.7,174,37.2,Diabetes,Severe,Moderate,2631,Weight Loss,-0.2
34,Female,91.6,189,25.6,Hypertension,Severe,Active,2167,Weight Gain,0.2
76,Male,93.2,173,31.1,Obesity,Severe,Moderate,2093,Weight Loss,-0.2
66,Male,92.9,163,35.0,Obesity,Severe,Sedentary,2088,Weight Loss,-0.2
19,Female,70.9,175,23.2,Diabetes,Severe,Moderate,1984,Weight Loss,-0.2
19,Male,115.5,187,33.0,None,Severe,Sedentary,2481,Weight Loss,-0.2
45,Male,116.3,172,39.3,Hypertension,Severe,Active,2471,Weight Gain,0.2
71,Male,93.8,171,32.1,Diabetes,Mild,Active,2781,Weight Loss,-0.2
40,Male,104.8,197,27.0,Diabetes,Severe,Active,2138,Weight Gain,0.2
54,Female,92.9,168,32.9,Diabetes,Severe,Sedentary,2496,Weight Loss,-0.2
49,Male,83.9,195,22.1,None,Severe,Moderate,3426,Weight Loss,-0.2
50,Female,96.3,152,41.7,Diabetes,Moderate,Active,1781,Weight Gain,0.5
18,Female,88.7,191,24.3,Diabetes,Mild,Sedentary,2485,Weight Loss,-0.5
36,Male,91.8,168,32.5,None,Mild,Sedentary,2611,Weight Loss,-0.5
79,Female,104.9,158,42.0,Hypertension,Mild,Moderate,2727,Weight Loss,-0.2
19,Female,83.7,177,26.7,Diabetes,Severe,Active,1515,Weight Gain,0.2
70,Female,52.9,169,18.5,Diabetes,Severe,Sedentary,2674,Weight Loss,-0.2
61,Male,61.5,194,16.3,Diabetes,Moderate,Moderate,2435,Weight Loss,-0.2
43,Female,80.7,156,33.2,Diabetes,Mild,Active,1753,Weight Gain,0.5
49,Female,100.7,163,37.9,Obesity,Severe,Moderate,2711,Weight Loss,-0.2
23,Female,91.5,158,36.7,Diabetes,Mild,Moderate,1828,Weight Gain,0.5
49,Male,95.5,168,33.8,Diabetes,Moderate,Sedentary,2043,Weight Loss,-0.5
72,Female,83.5,196,21.7,Obesity,Moderate,Sedentary,2282,Weight Loss,-0.2
21,Male,93.1,163,35.0,Obesity,Moderate,Sedentary,2496,Weight Loss,-0.7
72,Male,73.0,187,20.9,Hypertension,Mild,Moderate,2920,Weight Loss,-0.2
28,Male,82.9,185,24.2,Hypertension,Severe,Sedentary,3040,Weight Loss,-0.2
73,Male,102.1,189,28.6,Hypertension,Severe,Moderate,2982,Weight Loss,-0.2
76,Male,111.0,166,40.3,Hypertension,Moderate,Moderate,2853,Weight Loss,-0.2
34,Male,80.4,179,25.1,Hypertension,Severe,Sedentary,3343,Weight Loss,-0.2
55,Female,53.1,158,21.3,Hypertension,Moderate,Active,2344,Weight Loss,-0.5
41,Male,61.3,182,18.5,None,Mild,Active,2692,Weight Loss,-0.5
22,Female,51.5,174,17.0,Diabetes,Moderate,Active,3216,Weight Loss,-0.2
69,Female,95.7,163,36.0,Obesity,Mild,Moderate,1865,Weight Loss,-0.2
51,Male,73.3,160,28.6,Diabetes,Moderate,Moderate,2701,Weight Loss,-0.5
23,Female,88.0,184,26.0,Obesity,Severe,Moderate,2154,Maintenance,0.0
39,Female,84.5,190,23.4,Obesity,Severe,Sedentary,2885,Weight Loss,-0.2
28,Female,55.7,163,21.0,None,Moderate,Moderate,2259,Weight Loss,-0.5
65,Female,78.2,179,24.4,Diabetes,Severe,Sedentary,2138,Weight Loss,-0.2
33,Male,65.4,190,18.1,Hypertension,Severe,Sedentary,3298,Weight Loss,-0.2
50,Female,79.3,153,33.9,Hypertension,Severe,Active,2563,Weight Loss,-0.2
26,Male,64.3,153,27.5,Obesity,Mild,Active,2423,Weight Loss,-0.5
77,Female,108.8,177,34.7,Hypertension,Severe,Active,1915,Weight Gain,0.2
76,Female,62.2,157,25.2,Hypertension,Mild,Sedentary,2878,Weight Loss,-0.2
23,Male,117.3,151,51.4,Hypertension,Moderate,Sedentary,1754,Weight Gain,0.5
33,Female,79.1,190,21.9,Hypertension,Severe,Sedentary,2666,Weight Loss,-0.2
46,Female,109.2,195,28.7,Hypertension,Severe,Moderate,3275,Weight Loss,-0.2
20,Female,94.0,171,32.1,Diabetes,Severe,Sedentary,3263,Weight Loss,-0.2
37,Male,101.5,190,28.1,None,Moderate,Active,3376,Weight Loss,-0.5
77,Female,103.7,165,38.1,Obesity,Mild,Active,2209,Weight Loss,-0.2
76,Male,85.3,178,26.9,None,Mild,Sedentary,2076,Weight Loss,-0.2
53,Female,88.0,198,22.4,Diabetes,Severe,Sedentary,2399,Weight Loss,-0.2
36,Male,86.0,197,22.2,None,Moderate,Active,1510,Weight Gain,0.5
43,Male,91.2,179,28.5,None,Moderate,Sedentary,3143,Weight Loss,-0.5
20,Female,52.1,161,20.1,Obesity,Moderate,Active,1525,Weight Gain,0.5
36,Female,77.7,184,23.0,Obesity,Moderate,Moderate,2456,Weight Loss,-0.5
37,Male,92.4,160,36.1,Hypertension,Moderate,Active,1920,Weight Gain,0.5
49,Male,91.8,195,24.1,None,Mild,Moderate,3186,Weight Loss,-0.5
24,Female,105.5,199,26.6,Hypertension,Mild,Sedentary,2744,Weight Loss,-0.5
69,Male,95.9,170,33.2,Diabetes,Mild,Sedentary,3376,Weight Loss,-0.2
58,Female,119.4,170,41.3,Hypertension,Severe,Moderate,1995,Weight Gain,0.2
50,Female,69.9,154,29.5,None,Moderate,Sedentary,2760,Weight Loss,-0.5
57,Female,75.1,197,19.4,None,Severe,Moderate,1736,Maintenance,0.0
56,Female,76.9,169,26.9,None,Moderate,Sedentary,2508,Weight Loss,-0.5
35,Male,82.6,186,23.9,Obesity,Mild,Active,1718,Weight Gain,0.5
57,Female,108.5,152,47.0,Diabetes,Severe,Sedentary,3010,Weight Loss,-0.2
18,Male,66.5,193,17.9,Diabetes,Mild,Active,3459,Weight Loss,-0.2
28,Female,104.3,182,31.5,Diabetes,Moderate,Active,1960,Weight Gain,0.5
45,Male,78.4,158,31.4,Diabetes,Moderate,Moderate,2162,Weight Loss,-0.5
74,Female,92.1,158,36.9,Hypertension,Moderate,Sedentary,2134,Weight Loss,-0.2
42,Male,94.3,153,40.3,Diabetes,Mild,Moderate,2667,Weight Loss,-0.7
67,Male,76.1,184,22.5,Hypertension,Moderate,Sedentary,2489,Weight Loss,-0.2
40,Female,85.9,166,31.2,None,Mild,Active,1688,Weight Gain,0.5
48,Female,78.9,183,23.6,Hypertension,Severe,Active,1754,Weight Gain,0.2
47,Female,54.8,173,18.3,None,Moderate,Sedentary,1567,Weight Loss,-0.2
59,Female,80.6,181,24.6,Obesity,Moderate,Sedentary,2115,Weight Loss,-0.5
52,Male,56.8,150,25.2,Diabetes,Moderate,Moderate,1835,Weight Loss,-0.5
24,Female,78.4,157,31.8,Hypertension,Severe,Sedentary,2170,Weight Loss,-0.2
77,Male,91.5,194,24.3,Diabetes,Moderate,Sedentary,2320,Weight Loss,-0.2
33,Male,90.6,172,30.6,Hypertension,Mild,Sedentary,2373,Weight Loss,-0.5
43,Female,96.4,196,25.1,Obesity,Mild,Moderate,2932,Weight Loss,-0.5
65,Male,56.7,189,15.9,Diabetes,Moderate,Sedentary,1799,Weight Loss,-0.2
74,Male,95.6,161,36.9,Diabetes,Moderate,Active,3431,Weight Loss,-0.2
69,Male,71.9,161,27.7,Hypertension,Severe,Moderate,3125,Weight Loss,-0.2
77,Male,77.9,195,20.5,None,Severe,Moderate,1856,Weight Gain,0.2
66,Female,110.1,196,28.7,Obesity,Severe,Active,1755,Weight Gain,0.2
19,Female,50.6,164,18.8,Obesity,Moderate,Active,2507,Weight Loss,-0.5
18,Female,91.2,190,25.3,Diabetes,Severe,Active,1852,Weight Gain,0.2
65,Female,91.9,168,32.6,Obesity,Severe,Sedentary,3255,Weight Loss,-0.2
79,Male,77.8,175,25.4,Obesity,Mild,Active,3044,Weight Loss,-0.2
29,Male,66.6,178,21.0,Obesity,Severe,Sedentary,2023,Weight Loss,-0.2
22,Female,66.4,171,22.7,None,Mild,Moderate,3360,Weight Loss,-0.5
54,Female,111.9,189,31.3,Hypertension,Mild,Moderate,2449,Weight Loss,-0.5
49,Female,80.9,170,28.0,None,Severe,Active,2255,Weight Loss,-0.2
76,Male,73.2,187,20.9,None,Mild,Sedentary,3217,Weight Loss,-0.2
72,Female,81.4,169,28.5,Diabetes,Moderate,Active,1783,Maintenance,0.0
26,Female,96.9,178,30.6,Hypertension,Moderate,Active,2835,Weight Loss,-0.5
58,Female,60.2,153,25.7,None,Severe,Sedentary,1598,Weight Loss,-0.2
52,Male,81.5,156,33.5,Diabetes,Moderate,Active,1696,Weight Gain,0.5
36,Male,91.2,177,29.1,Hypertension,Mild,Moderate,1981,Weight Gain,0.5
65,Male,116.4,177,37.2,None,Moderate,Active,2377,Weight Gain,0.5
33,Male,67.7,153,28.9,Hypertension,Severe,Sedentary,2749,Weight Loss,-0.2
20,Male,75.1,171,25.7,Diabetes,Severe,Sedentary,3368,Weight Loss,-0.2
37,Male,76.6,161,29.6,Hypertension,Mild,Moderate,2114,Weight Loss,-0.5
41,Male,92.4,194,24.6,Diabetes,Severe,Sedentary,2117,Weight Loss,-0.2
71,Male,75.0,152,32.5,Hypertension,Moderate,Sedentary,2888,Weight Loss,-0.2
73,Female,87.3,171,29.9,Diabetes,Severe,Moderate,1867,Weight Loss,-0.2
50,Female,104.7,193,28.1,Obesity,Mild,Active,2069,Weight Gain,0.5
41,Male,99.4,151,43.6,Hypertension,Severe,Moderate,2089,Maintenance,0.0
69,Male,81.2,173,27.1,Obesity,Moderate,Active,2598,Weight Loss,-0.2
28,Female,110.5,183,33.0,Obesity,Mild,Moderate,2565,Maintenance,0.0
66,Male,89.1,176,28.8,Hypertension,Moderate,Active,1921,Weight Gain,0.2
25,Male,87.8,190,24.3,Obesity,Mild,Moderate,2335,Weight Gain,0.5
53,Male,52.4,150,23.3,Diabetes,Severe,Active,2704,Weight Loss,-0.2
55,Female,119.1,157,48.3,Hypertension,Mild,Moderate,2044,Maintenance,0.0
57,Female,58.6,172,19.8,Diabetes,Mild,Active,1570,Maintenance,0.0
37,Female,66.2,187,18.9,None,Severe,Moderate,3091,Weight Loss,-0.2
79,Female,53.6,155,22.3,Diabetes,Moderate,Sedentary,2628,Weight Loss,-0.2
52,Female,94.8,171,32.4,Hypertension,Severe,Active,2723,Weight Loss,-0.2
65,Male,65.7,174,21.7,Obesity,Mild,Moderate,2624,Weight Loss,-0.5
79,Female,62.6,167,22.4,Hypertension,Severe,Active,2267,Weight Loss,-0.2
42,Male,56.2,166,20.4,Diabetes,Mild,Active,1806,Maintenance,0.0
52,Male,57.2,161,22.1,Hypertension,Severe,Moderate,3109,Weight Loss,-0.2
42,Female,90.9,155,37.8,Obesity,Severe,Active,3206,Weight Loss,-0.2
46,Female,98.2,175,32.1,Obesity,Moderate,Moderate,1876,Weight Gain,0.5
35,Male,77.8,176,25.1,Hypertension,Mild,Sedentary,2154,Weight Loss,-0.5
63,Male,83.6,157,33.9,Hypertension,Moderate,Active,2177,Weight Loss,-0.5
35,Male,98.0,168,34.7,Hypertension,Mild,Sedentary,1898,Weight Loss,-0.5
19,Female,51.2,191,14.0,Obesity,Severe,Active,3296,Weight Loss,-0.2
71,Female,72.6,150,32.3,Hypertension,Mild,Active,1720,Weight Loss,-0.2
52,Female,118.1,178,37.3,Hypertension,Moderate,Active,3118,Weight Loss,-0.7
33,Female,90.6,194,24.1,Diabetes,Moderate,Moderate,1681,Weight Gain,0.5
78,Female,67.8,198,17.3,Diabetes,Moderate,Sedentary,1806,Weight Loss,-0.2
58,Male,86.5,184,25.5,Diabetes,Mild,Active,2021,Weight Gain,0.5
53,Female,74.0,189,20.7,Diabetes,Moderate,Moderate,2919,Weight Loss,-0.5
50,Male,87.3,163,32.9,Hypertension,Moderate,Active,2513,Weight Loss,-0.5
21,Male,58.8,184,17.4,Obesity,Moderate,Moderate,1503,Weight Gain,0.2
50,Male,59.3,197,15.3,Diabetes,Severe,Active,2362,Weight Loss,-0.2
31,Female,60.0,194,15.9,None,Severe,Sedentary,3437,Weight Loss,-0.2
38,Female,115.8,169,40.5,Diabetes,Mild,Sedentary,2347,Weight Loss,-0.7
65,Female,101.3,198,25.8,Obesity,Mild,Active,2303,Weight Gain,0.5
37,Male,61.4,162,23.4,Obesity,Moderate,Moderate,2804,Weight Loss,-0.5
73,Male,63.2,187,18.1,Hypertension,Severe,Active,1714,Weight Gain,0.2
25,Male,101.2,198,25.8,Diabetes,Moderate,Moderate,2471,Weight Gain,0.5
24,Male,60.9,195,16.0,Obesity,Moderate,Active,3133,Weight Loss,-0.2
20,Male,66.4,198,16.9,Hypertension,Severe,Moderate,2943,Weight Loss,-0.2
34,Male,117.4,157,47.6,None,Severe,Sedentary,1600,Weight Gain,0.2
50,Female,67.9,192,18.4,Hypertension,Severe,Active,2462,Weight Loss,-0.2
65,Female,96.3,169,33.7,None,Mild,Sedentary,3044,Weight Loss,-0.5
29,Female,118.5,182,35.8,Diabetes,Mild,Sedentary,2072,Weight Loss,-0.7
76,Female,76.2,175,24.9,Obesity,Moderate,Active,2832,Weight Loss,-0.2
68,Male,51.2,188,14.5,Obesity,Mild,Active,2157,Weight Loss,-0.2
39,Male,67.1,170,23.2,Obesity,Severe,Moderate,2438,Weight Loss,-0.2
72,Female,108.2,198,27.6,Diabetes,Severe,Moderate,3454,Weight Loss,-0.2
39,Male,110.5,191,30.3,Obesity,Mild,Sedentary,3033,Weight Loss,-0.5
63,Female,103.8,192,28.2,Hypertension,Moderate,Moderate,2586,Weight Loss,-0.5
47,Female,57.9,190,16.0,Obesity,Moderate,Moderate,3156,Weight Loss,-0.2
55,Female,105.7,158,42.3,Hypertension,Mild,Active,1725,Weight Gain,0.5
55,Male,114.3,173,38.2,None,Moderate,Moderate,1604,Weight Gain,0.5
62,Female,92.0,186,26.6,Diabetes,Moderate,Sedentary,3497,Weight Loss,-0.5
68,Female,115.9,198,29.6,None,Moderate,Moderate,2271,Weight Gain,0.2
71,Female,107.9,190,29.9,None,Severe,Sedentary,3384,Weight Loss,-0.2
25,Male,96.7,166,35.1,None,Severe,Active,2948,Weight Loss,-0.2
44,Male,90.4,173,30.2,Hypertension,Mild,Sedentary,2778,Weight Loss,-0.5
44,Female,74.4,170,25.7,Hypertension,Severe,Moderate,1928,Weight Loss,-0.2
51,Male,61.2,188,17.3,None,Moderate,Active,1933,Weight Gain,0.2
38,Male,92.3,190,25.6,Diabetes,Severe,Moderate,2730,Weight Loss,-0.2
47,Male,72.3,188,20.5,Hypertension,Mild,Active,2551,Weight Loss,-0.5
50,Male,110.7,162,42.2,Obesity,Severe,Active,2181,Weight Gain,0.2
45,Male,119.5,160,46.7,Obesity,Moderate,Moderate,2859,Weight Loss,-0.7
64,Male,102.7,195,27.0,Diabetes,Moderate,Moderate,2087,Weight Gain,0.5
50,Male,56.3,168,19.9,Obesity,Mild,Active,3151,Weight Loss,-0.5
22,Male,70.2,160,27.4,None,Severe,Active,2592,Weight Loss,-0.2
77,Male,57.6,162,21.9,Diabetes,Severe,Moderate,2365,Weight Loss,-0.2
78,Male,95.5,195,25.1,None,Severe,Sedentary,2245,Weight Loss,-0.2
65,Female,103.6,194,27.5,Diabetes,Moderate,Moderate,3036,Weight Loss,-0.5
36,Female,114.8,150,51.0,Hypertension,Mild,Active,2690,Weight Loss,-0.7
21,Male,80.7,189,22.6,Diabetes,Severe,Moderate,2363,Maintenance,0.0
52,Female,113.1,193,30.4,Diabetes,Moderate,Sedentary,3253,Weight Loss,-0.5
66,Female,111.5,168,39.5,None,Moderate,Moderate,3308,Weight Loss,-0.2
34,Male,72.2,161,27.9,Hypertension,Moderate,Active,1867,Weight Gain,0.5
61,Male,110.8,157,45.0,Hypertension,Severe,Moderate,1750,Weight Gain,0.2
45,Male,76.3,157,31.0,Diabetes,Severe,Active,2358,Weight Loss,-0.2
47,Female,70.8,194,18.8,Hypertension,Severe,Active,2355,Weight Loss,-0.2
46,Female,95.4,161,36.8,Hypertension,Severe,Moderate,3454,Weight Loss,-0.2
63,Male,73.0,197,18.8,Hypertension,Severe,Active,3209,Weight Loss,-0.2
70,Male,94.1,182,28.4,Hypertension,Severe,Active,2693,Weight Loss,-0.2
23,Male,92.7,194,24.6,None,Severe,Sedentary,3281,Weight Loss,-0.2
52,Female,89.4,175,29.2,Hypertension,Severe,Sedentary,3458,Weight Loss,-0.2
77,Female,76.6,188,21.7,Hypertension,Severe,Sedentary,2613,Weight Loss,-0.2
58,Female,88.4,177,28.2,Diabetes,Moderate,Sedentary,2060,Weight Loss,-0.5
54,Female,91.8,154,38.7,Obesity,Severe,Active,2969,Weight Loss,-0.2
41,Male,88.2,157,35.8,Hypertension,Mild,Moderate,1793,Weight Gain,0.5
46,Male,81.1,174,26.8,Hypertension,Moderate,Active,2418,Maintenance,0.0
66,Male,51.0,176,16.5,Diabetes,Severe,Active,2673,Weight Loss,-0.2
63,Male,91.1,195,24.0,None,Mild,Active,2655,Maintenance,0.0
70,Female,61.8,172,20.9,Diabetes,Severe,Moderate,1932,Weight Loss,-0.2
48,Female,95.0,179,29.6,Obesity,Mild,Sedentary,1558,Weight Loss,-0.5
52,Male,103.2,194,27.4,Hypertension,Mild,Active,2468,Weight Gain,0.5
77,Male,85.0,196,22.1,Diabetes,Mild,Active,2335,Maintenance,0.0
50,Female,88.0,172,29.7,Obesity,Mild,Sedentary,1698,Weight Loss,-0.5
69,Male,116.6,198,29.7,Hypertension,Moderate,Active,1714,Weight Gain,0.2
78,Female,109.3,196,28.5,None,Moderate,Moderate,2397,Weight Loss,-0.2
38,Male,114.0,169,39.9,None,Mild,Active,3084,Weight Loss,-0.7
49,Male,107.0,167,38.4,None,Severe,Active,1971,Weight Gain,0.2
40,Male,57.6,167,20.7,Diabetes,Mild,Sedentary,3267,Weight Loss,-0.5
50,Male,60.4,151,26.5,Obesity,Moderate,Active,1746,Maintenance,0.0
20,Male,86.9,153,37.1,Hypertension,Severe,Active,1881,Weight Gain,0.2
35,Male,67.2,179,21.0,None,Moderate,Moderate,2490,Weight Loss,-0.5
42,Male,83.4,182,25.2,Obesity,Moderate,Sedentary,2762,Weight Loss,-0.5
59,Female,77.6,185,22.7,None,Severe,Sedentary,2426,Weight Loss,-0.2
48,Female,88.5,167,31.7,Hypertension,Mild,Moderate,2890,Weight Loss,-0.5
71,Female,102.3,186,29.6,Hypertension,Mild,Active,2691,Weight Loss,-0.2
75,Female,100.1,168,35.5,Diabetes,Mild,Sedentary,2059,Weight Loss,-0.2
20,Female,86.5,196,22.5,Obesity,Mild,Sedentary,2574,Weight Loss,-0.5
57,Male,107.6,177,34.3,Hypertension,Severe,Active,3334,Weight Loss,-0.2
63,Male,80.2,189,22.5,Hypertension,Severe,Active,3133,Weight Loss,-0.2
41,Female,112.8,169,39.5,Obesity,Severe,Sedentary,3474,Weight Loss,-0.2
67,Male,55.0,198,14.0,Hypertension,Moderate,Active,3251,Weight Loss,-0.2
49,Female,116.8,182,35.3,Diabetes,Severe,Sedentary,2188,Weight Loss,-0.2
64,Female,95.8,161,37.0,Hypertension,Mild,Active,1879,Weight Gain,0.5
39,Male,76.6,164,28.5,Hypertension,Moderate,Active,1973,Weight Gain,0.5
40,Male,63.8,190,17.7,Hypertension,Mild,Moderate,2603,Weight Loss,-0.2
19,Male,83.5,188,23.6,Diabetes,Mild,Active,2196,Weight Gain,0.5
44,Female,63.6,151,27.9,Diabetes,Severe,Moderate,2890,Weight Loss,-0.2
59,Male,61.6,178,19.4,Diabetes,Severe,Active,2984,Weight Loss,-0.2
19,Female,93.2,190,25.8,Obesity,Mild,Sedentary,2410,Weight Loss,-0.5
43,Female,86.6,159,34.3,Diabetes,Mild,Sedentary,3062,Weight Loss,-0.5
34,Female,96.9,151,42.5,Hypertension,Moderate,Active,2975,Weight Loss,-0.7
57,Male,115.1,160,45.0,None,Severe,Active,2987,Weight Loss,-0.2
50,Male,87.3,162,33.3,Diabetes,Moderate,Sedentary,2459,Weight Loss,-0.5
26,Female,90.7,159,35.9,Hypertension,Moderate,Active,1977,Weight Gain,0.5
60,Male,56.3,163,21.2,Obesity,Moderate,Moderate,2503,Weight Loss,-0.5
71,Male,100.2,167,35.9,None,Mild,Moderate,2425,Weight Loss,-0.2
65,Male,78.0,158,31.2,Obesity,Moderate,Moderate,2943,Weight Loss,-0.5
56,Female,118.4,188,33.5,Obesity,Moderate,Moderate,2206,Weight Gain,0.5
46,Female,107.6,177,34.3,None,Mild,Moderate,2737,Weight Loss,-0.5
59,Male,86.6,152,37.5,Hypertension,Severe,Active,2892,Weight Loss,-0.2
72,Female,58.6,169,20.5,None,Severe,Active,2353,Weight Loss,-0.2
43,Male,110.2,155,45.9,Diabetes,Moderate,Moderate,2637,Weight Loss,-0.7
52,Male,106.0,176,34.2,None,Mild,Active,2516,Weight Gain,0.5
67,Male,62.9,151,27.6,Hypertension,Severe,Active,2253,Weight Loss,-0.2
42,Male,70.7,178,22.3,Hypertension,Moderate,Moderate,2002,Maintenance,0.0
41,Female,105.5,187,30.2,Diabetes,Moderate,Active,3159,Weight Loss,-0.5
30,Female,63.0,152,27.3,Obesity,Mild,Active,2316,Weight Loss,-0.5
77,Female,114.2,165,41.9,Diabetes,Moderate,Active,2087,Weight Gain,0.2
75,Male,79.7,179,24.9,None,Severe,Moderate,2834,Weight Loss,-0.2
24,Male,56.1,189,15.7,None,Mild,Active,2992,Weight Loss,-0.2
74,Male,107.1,151,47.0,Diabetes,Severe,Sedentary,3347,Weight Loss,-0.2
53,Female,76.1,166,27.6,None,Severe,Sedentary,2207,Weight Loss,-0.2
62,Male,86.9,190,24.1,Obesity,Severe,Moderate,3386,Weight Loss,-0.2
37,Female,57.9,161,22.3,Obesity,Moderate,Sedentary,2567,Weight Loss,-0.5
18,Female,50.2,184,14.8,Hypertension,Moderate,Moderate,2938,Weight Loss,-0.2
25,Female,94.7,192,25.7,Diabetes,Severe,Sedentary,3221,Weight Loss,-0.2
63,Female,86.1,150,38.3,Diabetes,Severe,Sedentary,3378,Weight Loss,-0.2
33,Female,91.5,194,24.3,Hypertension,Mild,Sedentary,2769,Weight Loss,-0.5
31,Female,105.6,164,39.3,None,Mild,Moderate,3472,Weight Loss,-0.7
29,Male,95.3,175,31.1,Diabetes,Moderate,Moderate,2607,Weight Loss,-0.5
68,Male,62.2,186,18.0,None,Moderate,Active,1706,Weight Gain,0.2
40,Female,75.3,170,26.1,Hypertension,Mild,Moderate,1650,Maintenance,0.0
32,Female,113.4,198,28.9,Hypertension,Severe,Sedentary,2167,Weight Loss,-0.2
45,Male,103.9,180,32.1,Obesity,Moderate,Sedentary,2027,Weight Loss,-0.5
51,Female,89.0,174,29.4,None,Severe,Moderate,1664,Weight Gain,0.2
19,Female,67.9,172,23.0,Hypertension,Mild,Moderate,2416,Weight Loss,-0.5
49,Male,71.1,173,23.8,Hypertension,Moderate,Moderate,3498,Weight Loss,-0.5
40,Female,101.2,187,28.9,Hypertension,Moderate,Active,2668,Maintenance,0.0
39,Female,109.6,177,35.0,Diabetes,Mild,Sedentary,2509,Weight Loss,-0.7
68,Female,97.0,170,33.6,Diabetes,Moderate,Active,1536,Weight Gain,0.2
42,Male,106.7,192,28.9,Hypertension,Mild,Active,1832,Weight Gain,0.5
75,Male,103.7,167,37.2,Hypertension,Moderate,Sedentary,1902,Weight Loss,-0.2
79,Male,60.5,185,17.7,Obesity,Mild,Sedentary,1913,Weight Loss,-0.2
78,Female,79.7,184,23.5,Hypertension,Moderate,Moderate,1544,Maintenance,0.0
39,Female,60.7,194,16.1,Hypertension,Severe,Moderate,2925,Weight Loss,-0.2
75,Male,66.5,158,26.6,Hypertension,Severe,Active,1705,Maintenance,0.0
75,Female,110.8,187,31.7,Obesity,Severe,Moderate,1561,Weight Gain,0.2
39,Female,83.1,179,25.9,None,Moderate,Moderate,1919,Maintenance,0.0
66,Female,87.5,193,23.5,Hypertension,Moderate,Sedentary,2367,Weight Loss,-0.2
69,Female,62.5,183,18.7,Obesity,Severe,Sedentary,2991,Weight Loss,-0.2
59,Female,71.9,181,21.9,Diabetes,Severe,Moderate,2319,Weight Loss,-0.2
23,Male,66.1,152,28.6,Hypertension,Mild,Sedentary,1518,Weight Loss,-0.5
32,Female,64.4,152,27.9,Hypertension,Mild,Moderate,1864,Weight Loss,-0.5
71,Male,94.7,177,30.2,Hypertension,Mild,Sedentary,2823,Weight Loss,-0.2
60,Female,68.0,193,18.3,Obesity,Severe,Sedentary,2530,Weight Loss,-0.2
77,Male,94.2,164,35.0,None,Severe,Sedentary,3284,Weight Loss,-0.2
54,Female,54.1,190,15.0,Diabetes,Severe,Sedentary,1927,Weight Loss,-0.2
50,Male,59.9,172,20.2,Obesity,Mild,Moderate,2640,Weight Loss,-0.5
25,Female,69.2,189,19.4,Hypertension,Moderate,Active,2079,Weight Gain,0.5
70,Male,91.8,160,35.9,Diabetes,Severe,Sedentary,3030,Weight Loss,-0.2
77,Female,97.3,197,25.1,Diabetes,Moderate,Moderate,2045,Maintenance,0.0
61,Male,81.0,181,24.7,Hypertension,Moderate,Moderate,3229,Weight Loss,-0.5
61,Female,81.2,185,23.7,Diabetes,Moderate,Sedentary,1824,Weight Loss,-0.5
22,Male,100.7,182,30.4,Diabetes,Mild,Active,1554,Weight Gain,0.5
56,Male,51.1,173,17.1,Diabetes,Moderate,Sedentary,2277,Weight Loss,-0.2
21,Female,73.9,188,20.9,Hypertension,Severe,Moderate,2491,Weight Loss,-0.2
23,Female,107.3,183,32.0,Obesity,Mild,Active,1541,Weight Gain,0.5
62,Male,92.2,177,29.4,Hypertension,Severe,Moderate,2820,Weight Loss,-0.2
49,Female,73.6,186,21.3,None,Severe,Sedentary,3496,Weight Loss,-0.2
69,Male,113.4,156,46.6,Hypertension,Mild,Active,1730,Weight Gain,0.2
47,Male,104.1,153,44.5,Obesity,Severe,Moderate,1952,Weight Gain,0.2
64,Male,68.5,186,19.8,None,Severe,Moderate,3413,Weight Loss,-0.2
52,Female,95.2,150,42.3,Obesity,Mild,Moderate,1893,Weight Loss,-0.7
72,Male,91.7,150,40.8,Hypertension,Severe,Sedentary,3045,Weight Loss,-0.2
57,Male,78.1,196,20.3,Obesity,Moderate,Active,2881,Weight Loss,-0.5
69,Female,75.7,169,26.5,Diabetes,Severe,Sedentary,2967,Weight Loss,-0.2
33,Female,74.0,168,26.2,Hypertension,Moderate,Sedentary,2651,Weight Loss,-0.5
30,Female,93.2,178,29.4,Hypertension,Severe,Sedentary,2190,Weight Loss,-0.2
67,Female,81.0,159,32.0,Hypertension,Mild,Active,2928,Weight Loss,-0.2
77,Male,108.2,167,38.8,Diabetes,Mild,Sedentary,1891,Weight Loss,-0.2
59,Male,96.9,177,30.9,None,Severe,Sedentary,2716,Weight Loss,-0.2
47,Male,54.9,184,16.2,Obesity,Mild,Sedentary,2103,Weight Loss,-0.2
36,Male,94.8,192,25.7,Hypertension,Severe,Sedentary,2380,Weight Loss,-0.2
34,Female,69.0,196,18.0,None,Mild,Moderate,3266,Weight Loss,-0.2
73,Male,91.5,180,28.2,Hypertension,Moderate,Sedentary,2601,Weight Loss,-0.2
36,Male,97.6,176,31.5,None,Severe,Moderate,1584,Weight Gain,0.2
45,Female,66.2,160,25.9,Hypertension,Moderate,Sedentary,2553,Weight Loss,-0.5
75,Male,82.0,198,20.9,Diabetes,Moderate,Active,3248,Weight Loss,-0.2
72,Male,63.3,198,16.1,Obesity,Severe,Moderate,1548,Weight Gain,0.2
43,Male,53.7,187,15.4,Obesity,Moderate,Moderate,3300,Weight Loss,-0.2
54,Male,76.5,154,32.3,Obesity,Severe,Moderate,2668,Weight Loss,-0.2
43,Male,75.4,157,30.6,None,Moderate,Moderate,1568,Weight Gain,0.5
70,Male,119.7,183,35.7,Obesity,Severe,Active,2581,Weight Gain,0.2
79,Female,81.2,197,20.9,Obesity,Severe,Sedentary,2196,Weight Loss,-0.2
40,Female,73.3,161,28.3,None,Mild,Moderate,3097,Weight Loss,-0.5
26,Male,90.6,187,25.9,Obesity,Severe,Active,1978,Weight Gain,0.2
29,Male,56.2,150,25.0,Hypertension,Severe,Moderate,2319,Weight Loss,-0.2
70,Female,117.3,180,36.2,None,Moderate,Sedentary,2968,Weight Loss,-0.2
18,Male,94.4,153,40.3,Diabetes,Severe,Moderate,2819,Weight Loss,-0.2
75,Male,102.8,198,26.2,Obesity,Mild,Active,3201,Weight Loss,-0.2
75,Male,61.9,194,16.4,None,Moderate,Sedentary,2694,Weight Loss,-0.2
18,Female,78.7,199,19.9,Obesity,Moderate,Active,3098,Weight Loss,-0.5
64,Male,79.6,154,33.6,Obesity,Mild,Sedentary,1646,Weight Loss,-0.5
51,Female,107.5,179,33.6,Obesity,Moderate,Sedentary,3007,Weight Loss,-0.5
49,Male,50.1,173,16.7,Hypertension,Moderate,Sedentary,2829,Weight Loss,-0.2
79,Female,71.1,152,30.8,None,Moderate,Moderate,3196,Weight Loss,-0.2
71,Female,118.7,160,46.4,Diabetes,Moderate,Active,3176,Weight Loss,-0.2
65,Male,83.2,194,22.1,Diabetes,Mild,Active,3369,Weight Loss,-0.5
42,Female,76.8,153,32.8,Diabetes,Mild,Active,2515,Weight Loss,-0.5
57,Male,58.4,175,19.1,Hypertension,Moderate,Sedentary,2108,Weight Loss,-0.5
62,Female,118.2,176,38.2,Hypertension,Moderate,Moderate,1945,Weight Gain,0.5
70,Male,51.4,195,13.5,None,Mild,Sedentary,1720,Weight Loss,-0.2
18,Male,101.6,192,27.6,Hypertension,Mild,Active,3078,Maintenance,0.0
33,Female,103.8,176,33.5,Hypertension,Mild,Moderate,3468,Weight Loss,-0.5
78,Male,67.1,191,18.4,Diabetes,Moderate,Moderate,3327,Weight Loss,-0.2
56,Male,97.0,199,24.5,Hypertension,Moderate,Moderate,2901,Weight Loss,-0.5
22,Female,56.5,155,23.5,Obesity,Severe,Active,3143,Weight Loss,-0.2
39,Male,68.0,164,25.3,Diabetes,Mild,Moderate,2789,Weight Loss,-0.5
46,Male,105.2,179,32.8,Diabetes,Moderate,Moderate,1594,Weight Gain,0.5
72,Female,110.5,191,30.3,Diabetes,Mild,Sedentary,1761,Weight Loss,-0.2
20,Female,92.6,186,26.8,Diabetes,Moderate,Sedentary,3348,Weight Loss,-0.5
29,Male,85.5,186,24.7,Hypertension,Mild,Moderate,2396,Maintenance,0.0
43,Male,61.2,191,16.8,Diabetes,Moderate,Moderate,2594,Weight Loss,-0.2
33,Female,54.4,186,15.7,Obesity,Severe,Sedentary,3477,Weight Loss,-0.2
68,Female,58.2,184,17.2,None,Severe,Sedentary,1718,Weight Loss,-0.2
54,Male,65.9,172,22.3,Hypertension,Mild,Sedentary,3056,Weight Loss,-0.5
39,Female,73.9,155,30.8,None,Moderate,Active,1591,Weight Gain,0.5
74,Male,76.7,153,32.8,Hypertension,Moderate,Active,1626,Weight Gain,0.2
46,Male,74.2,167,26.6,Hypertension,Mild,Sedentary,1579,Weight Loss,-0.5
31,Male,66.7,158,26.7,None,Moderate,Moderate,3347,Weight Loss,-0.5
45,Male,85.7,198,21.9,Diabetes,Mild,Sedentary,2761,Weight Loss,-0.5
22,Male,107.8,178,34.0,None,Moderate,Active,2482,Weight Gain,0.5
64,Female,69.6,162,26.5,Diabetes,Mild,Moderate,2895,Weight Loss,-0.5
66,Female,116.0,196,30.2,Hypertension,Moderate,Active,2415,Weight Gain,0.2
47,Female,111.1,166,40.3,Diabetes,Mild,Moderate,1985,Weight Gain,0.5
63,Female,61.3,194,16.3,Obesity,Moderate,Active,2193,Weight Loss,-0.2
79,Male,105.0,181,32.1,Obesity,Severe,Moderate,1524,Weight Gain,0.2
69,Male,90.2,197,23.2,Obesity,Moderate,Moderate,1655,Weight Gain,0.2
22,Male,89.7,171,30.7,Hypertension,Mild,Moderate,3040,Weight Loss,-0.5
29,Male,77.4,153,33.1,Hypertension,Severe,Moderate,2131,Weight Loss,-0.2
33,Female,85.1,154,35.9,Diabetes,Moderate,Active,3312,Weight Loss,-0.7
43,Male,77.8,186,22.5,Hypertension,Severe,Active,3053,Weight Loss,-0.2
43,Male,87.8,190,24.3,None,Moderate,Moderate,3466,Weight Loss,-0.5
65,Female,94.0,198,24.0,Hypertension,Severe,Moderate,3233,Weight Loss,-0.2
38,Female,97.2,162,37.0,None,Mild,Active,2580,Weight Loss,-0.7
56,Female,87.3,183,26.1,None,Moderate,Moderate,3128,Weight Loss,-0.5
53,Female,100.5,194,26.7,Hypertension,Moderate,Moderate,1518,Weight Gain,0.5
50,Male,59.9,171,20.5,Obesity,Mild,Moderate,2907,Weight Loss,-0.5
79,Male,64.8,172,21.9,Diabetes,Severe,Sedentary,3388,Weight Loss,-0.2
47,Female,107.3,152,46.4,Diabetes,Mild,Moderate,2716,Weight Loss,-0.7
54,Male,72.6,191,19.9,Diabetes,Mild,Sedentary,1736,Weight Loss,-0.5
40,Male,51.6,183,15.4,Hypertension,Severe,Moderate,2910,Weight Loss,-0.2
75,Male,60.8,181,18.6,Hypertension,Mild,Active,2949,Weight Loss,-0.2
27,Female,65.7,194,17.5,Hypertension,Moderate,Sedentary,1776,Weight Loss,-0.2
71,Male,117.0,198,29.8,Hypertension,Moderate,Sedentary,2750,Weight Loss,-0.2
22,Female,90.1,170,31.2,Hypertension,Moderate,Moderate,2244,Weight Loss,-0.5
53,Male,115.3,195,30.3,Obesity,Mild,Moderate,2051,Weight Gain,0.5
51,Male,90.3,193,24.2,Obesity,Moderate,Sedentary,2846,Weight Loss,-0.5
69,Male,83.6,170,28.9,Diabetes,Moderate,Active,2676,Weight Loss,-0.2
48,Female,72.0,193,19.3,Diabetes,Moderate,Active,2138,Maintenance,0.0
27,Male,92.4,160,36.1,Obesity,Moderate,Moderate,1736,Weight Gain,0.5
75,Female,59.7,188,16.9,Hypertension,Moderate,Active,2497,Weight Loss,-0.2
36,Female,112.9,153,48.2,Obesity,Moderate,Active,1554,Weight Gain,0.5
75,Female,108.1,150,48.0,Hypertension,Mild,Moderate,2959,Weight Loss,-0.2
49,Male,72.2,177,23.0,Hypertension,Moderate,Active,2183,Maintenance,0.0
18,Male,116.7,173,39.0,Diabetes,Moderate,Moderate,1608,Weight Gain,0.5
73,Male,107.8,184,31.8,Diabetes,Severe,Sedentary,3389,Weight Loss,-0.2
22,Male,96.6,162,36.8,Obesity,Mild,Moderate,2707,Weight Loss,-0.7
62,Female,58.5,196,15.2,Hypertension,Mild,Sedentary,3474,Weight Loss,-0.2
21,Female,83.5,183,24.9,Obesity,Mild,Sedentary,2891,Weight Loss,-0.5
33,Female,85.4,160,33.4,None,Mild,Active,2721,Weight Loss,-0.5
41,Male,66.3,185,19.4,Hypertension,Moderate,Active,2894,Weight Loss,-0.5
33,Female,55.6,166,20.2,Obesity,Moderate,Active,1872,Weight Loss,-0.5
72,Male,104.4,184,30.8,Hypertension,Severe,Moderate,2472,Weight Loss,-0.2
19,Female,58.5,167,21.0,Hypertension,Severe,Active,3020,Weight Loss,-0.2
66,Male,91.6,189,25.6,Obesity,Mild,Sedentary,3122,Weight Loss,-0.2
45,Male,115.6,171,39.5,Hypertension,Severe,Active,1700,Weight Gain,0.2
49,Female,111.3,173,37.2,Hypertension,Severe,Active,2348,Weight Gain,0.2
44,Female,69.4,168,24.6,Diabetes,Mild,Moderate,2008,Weight Loss,-0.5
37,Female,109.6,186,31.7,Hypertension,Mild,Moderate,2845,Weight Loss,-0.5
41,Female,50.0,188,14.1,None,Severe,Sedentary,1774,Weight Loss,-0.2
29,Male,51.2,170,17.7,None,Moderate,Moderate,1710,Maintenance,0.0
67,Female,92.2,157,37.4,Obesity,Severe,Active,2003,Weight Loss,-0.2
52,Female,75.5,177,24.1,Obesity,Severe,Moderate,3426,Weight Loss,-0.2
77,Female,77.1,154,32.5,Hypertension,Moderate,Sedentary,2641,Weight Loss,-0.2
50,Male,89.5,166,32.5,Hypertension,Moderate,Active,2202,Weight Gain,0.5
50,Male,63.4,186,18.3,Diabetes,Mild,Sedentary,3077,Weight Loss,-0.2
78,Female,64.8,185,18.9,Hypertension,Mild,Moderate,1541,Weight Loss,-0.2
68,Male,83.9,168,29.7,Hypertension,Severe,Moderate,1814,Maintenance,0.0
60,Female,102.8,176,33.2,None,Moderate,Sedentary,2287,Weight Loss,-0.5
54,Male,93.4,183,27.9,Hypertension,Mild,Active,1828,Weight Gain,0.5
29,Male,70.8,160,27.7,Hypertension,Severe,Moderate,2540,Weight Loss,-0.2
20,Male,80.1,194,21.3,Hypertension,Moderate,Moderate,1782,Weight Gain,0.5
18,Male,61.9,196,16.1,Obesity,Severe,Active,2442,Maintenance,0.0
50,Female,55.2,161,21.3,Obesity,Mild,Moderate,1757,Weight Loss,-0.5
57,Female,104.8,170,36.3,Diabetes,Mild,Sedentary,2074,Weight Loss,-0.7
27,Female,68.6,160,26.8,Hypertension,Moderate,Moderate,2073,Weight Loss,-0.5
60,Male,62.4,188,17.7,None,Severe,Moderate,2111,Weight Loss,-0.2
61,Female,98.4,177,31.4,Hypertension,Moderate,Active,2542,Weight Loss,-0.5
46,Female,93.3,154,39.3,Diabetes,Mild,Sedentary,3052,Weight Loss,-0.7
30,Female,94.3,166,34.2,Obesity,Mild,Active,2336,Maintenance,0.0
29,Male,66.0,169,23.1,None,Severe,Moderate,1922,Maintenance,0.0
48,Male,66.3,190,18.4,Diabetes,Severe,Moderate,2989,Weight Loss,-0.2
63,Male,65.5,195,17.2,Obesity,Severe,Active,2896,Weight Loss,-0.2
19,Female,62.2,161,24.0,None,Moderate,Active,2257,Weight Loss,-0.5
78,Female,95.9,155,39.9,Hypertension,Severe,Active,2262,Weight Loss,-0.2
68,Female,109.4,166,39.7,None,Severe,Sedentary,3490,Weight Loss,-0.2
67,Male,100.7,168,35.7,Obesity,Mild,Moderate,2604,Weight Loss,-0.2
52,Male,105.4,175,34.4,Obesity,Mild,Active,3074,Weight Loss,-0.5
40,Female,78.3,197,20.2,Obesity,Severe,Moderate,3071,Weight Loss,-0.2
34,Male,95.8,193,25.7,Diabetes,Severe,Sedentary,1923,Maintenance,0.0
43,Male,74.8,193,20.1,Diabetes,Mild,Sedentary,1928,Weight Loss,-0.5
25,Male,86.8,181,26.5,Hypertension,Severe,Sedentary,2911,Weight Loss,-0.2
46,Male,83.7,155,34.8,Diabetes,Moderate,Sedentary,3444,Weight Loss,-0.5
43,Female,62.4,185,18.2,Hypertension,Moderate,Moderate,3232,Weight Loss,-0.2
27,Male,77.1,187,22.0,None,Moderate,Sedentary,3193,Weight Loss,-0.5
43,Male,117.5,160,45.9,None,Severe,Sedentary,1703,Weight Gain,0.2
79,Male,67.4,182,20.3,Obesity,Mild,Active,1695,Weight Gain,0.2
51,Male,59.4,173,19.8,None,Severe,Sedentary,2227,Weight Loss,-0.2
68,Female,79.3,172,26.8,Obesity,Severe,Active,1784,Maintenance,0.0
58,Female,105.3,164,39.2,Hypertension,Mild,Sedentary,3492,Weight Loss,-0.7
24,Male,90.8,176,29.3,Diabetes,Mild,Sedentary,1695,Maintenance,0.0
21,Male,97.7,160,38.2,Hypertension,Mild,Active,1806,Weight Gain,0.5
75,Male,63.3,199,16.0,Obesity,Moderate,Sedentary,3187,Weight Loss,-0.2
70,Male,93.3,166,33.9,Hypertension,Severe,Moderate,1513,Weight Gain,0.2
67,Male,72.6,163,27.3,Obesity,Mild,Moderate,3360,Weight Loss,-0.2
62,Male,108.4,176,35.0,Diabetes,Severe,Sedentary,2669,Weight Loss,-0.2
28,Female,94.1,167,33.7,Obesity,Moderate,Moderate,3461,Weight Loss,-0.5
46,Male,63.9,177,20.4,None,Moderate,Active,2580,Weight Loss,-0.5
73,Female,54.5,196,14.2,Obesity,Mild,Sedentary,2222,Weight Loss,-0.2
53,Female,53.0,196,13.8,None,Mild,Sedentary,2279,Weight Loss,-0.2
42,Male,76.0,153,32.5,None,Severe,Active,2733,Weight Loss,-0.2
38,Female,68.6,156,28.2,None,Mild,Active,2028,Weight Loss,-0.5
78,Female,95.2,194,25.3,None,Severe,Active,2297,Maintenance,0.0
74,Female,85.0,184,25.1,None,Mild,Sedentary,1843,Weight Loss,-0.2
53,Female,68.6,197,17.7,Obesity,Severe,Active,3238,Weight Loss,-0.2
27,Female,60.4,158,24.2,Diabetes,Severe,Active,3134,Weight Loss,-0.2
54,Female,58.9,157,23.9,Hypertension,Severe,Moderate,2802,Weight Loss,-0.2
26,Male,110.5,194,29.4,Hypertension,Severe,Moderate,1708,Weight Gain,0.2
41,Female,67.0,166,24.3,Hypertension,Moderate,Sedentary,2140,Weight Loss,-0.5
52,Female,95.6,166,34.7,Hypertension,Severe,Moderate,2858,Weight Loss,-0.2
66,Female,106.7,198,27.2,None,Mild,Moderate,2811,Weight Loss,-0.2
52,Male,93.0,182,28.1,None,Moderate,Active,1751,Weight Gain,0.5
65,Female,110.2,181,33.6,None,Moderate,Active,2788,Weight Loss,-0.5
53,Male,77.5,157,31.4,Hypertension,Severe,Moderate,1770,Maintenance,0.0
35,Female,116.9,168,41.4,Diabetes,Moderate,Moderate,3447,Weight Loss,-0.7
66,Male,59.3,187,17.0,Diabetes,Severe,Moderate,2419,Weight Loss,-0.2
56,Male,57.2,152,24.8,Hypertension,Mild,Sedentary,3223,Weight Loss,-0.5
49,Female,96.1,154,40.5,Diabetes,Severe,Sedentary,1918,Weight Loss,-0.2
41,Female,116.0,162,44.2,Diabetes,Moderate,Sedentary,3249,Weight Loss,-0.7
40,Male,106.6,196,27.7,None,Mild,Moderate,2294,Weight Gain,0.5
79,Female,55.3,195,14.5,Obesity,Severe,Moderate,2734,Weight Loss,-0.2
49,Male,69.6,180,21.5,Hypertension,Mild,Sedentary,2888,Weight Loss,-0.5
54,Male,115.1,165,42.3,Diabetes,Mild,Sedentary,2599,Weight Loss,-0.7
29,Male,67.7,199,17.1,Hypertension,Moderate,Moderate,3183,Weight Loss,-0.2
66,Male,104.7,181,32.0,Diabetes,Mild,Active,2844,Weight Loss,-0.2
72,Male,107.8,171,36.9,None,Moderate,Sedentary,2224,Weight Loss,-0.2
30,Female,84.7,178,26.7,Hypertension,Mild,Moderate,1932,Maintenance,0.0
40,Male,77.0,171,26.3,Hypertension,Severe,Moderate,1608,Weight Gain,0.2
42,Male,81.5,192,22.1,Hypertension,Mild,Active,2140,Weight Gain,0.5
52,Female,65.9,152,28.5,Diabetes,Severe,Moderate,3045,Weight Loss,-0.2
58,Male,112.3,159,44.4,Obesity,Severe,Moderate,2570,Weight Loss,-0.2
47,Female,81.5,191,22.3,Obesity,Mild,Sedentary,1878,Weight Loss,-0.5
34,Female,111.8,170,38.7,Obesity,Severe,Sedentary,3350,Weight Loss,-0.2
66,Female,57.4,165,21.1,Diabetes,Mild,Active,2619,Weight Loss,-0.2
79,Male,119.2,161,46.0,Hypertension,Mild,Active,2457,Weight Gain,0.2
37,Male,81.0,151,35.5,Hypertension,Severe,Moderate,1602,Weight Gain,0.2
65,Male,53.3,190,14.8,None,Severe,Sedentary,2391,Weight Loss,-0.2
42,Female,52.7,173,17.6,Hypertension,Moderate,Active,2353,Weight Loss,-0.2
39,Male,102.2,184,30.2,Hypertension,Severe,Active,2669,Weight Gain,0.2
30,Female,96.1,179,30.0,Obesity,Moderate,Active,3403,Weight Loss,-0.5
76,Male,106.1,179,33.1,Obesity,Severe,Moderate,3465,Weight Loss,-0.2
36,Female,57.4,196,14.9,Hypertension,Mild,Sedentary,3451,Weight Loss,-0.2
66,Male,52.5,184,15.5,Hypertension,Severe,Active,2550,Weight Loss,-0.2
53,Male,85.6,168,30.3,Hypertension,Mild,Sedentary,3255,Weight Loss,-0.5
29,Male,77.1,199,19.5,None,Mild,Active,2029,Weight Gain,0.5
78,Female,82.3,157,33.4,Hypertension,Mild,Active,2178,Weight Loss,-0.2
58,Female,119.4,175,39.0,None,Moderate,Sedentary,3468,Weight Loss,-0.7
36,Male,118.0,198,30.1,Hypertension,Severe,Sedentary,2488,Weight Loss,-0.2
29,Male,116.0,189,32.5,None,Mild,Sedentary,2605,Weight Loss,-0.5
26,Female,104.9,156,43.1,None,Mild,Moderate,1927,Weight Gain,0.5
24,Female,74.8,179,23.3,Hypertension,Moderate,Active,3107,Weight Loss,-0.5
45,Female,78.8,156,32.4,None,Severe,Moderate,2321,Weight Loss,-0.2
31,Male,88.5,152,38.3,Diabetes,Severe,Sedentary,3002,Weight Loss,-0.2
48,Female,108.1,150,48.0,None,Moderate,Active,3289,Weight Loss,-0.7
69,Male,54.8,185,16.0,Obesity,Moderate,Moderate,2685,Weight Loss,-0.2
36,Female,79.7,174,26.3,Diabetes,Severe,Active,3362,Weight Loss,-0.2
75,Male,55.8,186,16.1,Obesity,Moderate,Moderate,2431,Weight Loss,-0.2
64,Female,86.0,150,38.2,None,Severe,Sedentary,2925,Weight Loss,-0.2
33,Female,112.9,164,42.0,Diabetes,Severe,Moderate,3031,Weight Loss,-0.2
70,Female,104.8,186,30.3,Hypertension,Mild,Active,2561,Weight Loss,-0.2
22,Female,65.9,162,25.1,Obesity,Mild,Active,3478,Weight Loss,-0.5
52,Female,118.3,189,33.1,None,Severe,Active,2010,Weight Gain,0.2
29,Male,96.7,157,39.2,Hypertension,Severe,Active,1892,Weight Gain,0.2
42,Female,50.7,154,21.4,Diabetes,Severe,Sedentary,2212,Weight Loss,-0.2
69,Female,67.9,158,27.2,Diabetes,Severe,Moderate,1993,Weight Loss,-0.2
76,Female,68.2,150,30.3,Hypertension,Severe,Sedentary,2723,Weight Loss,-0.2
38,Male,54.8,185,16.0,Hypertension,Severe,Sedentary,2778,Weight Loss,-0.2
53,Female,117.2,184,34.6,None,Moderate,Sedentary,2702,Weight Loss,-0.5
70,Male,83.5,151,36.6,Diabetes,Severe,Active,2046,Weight Loss,-0.2
40,Female,112.7,189,31.6,Obesity,Moderate,Active,2093,Weight Gain,0.5
33,Female,72.6,172,24.5,Diabetes,Moderate,Active,1888,Weight Gain,0.5
74,Male,58.8,158,23.6,Diabetes,Severe,Moderate,2921,Weight Loss,-0.2
56,Female,83.2,183,24.8,Hypertension,Severe,Active,3255,Weight Loss,-0.2
62,Male,58.0,195,15.3,Hypertension,Moderate,Moderate,1657,Weight Gain,0.2
70,Male,84.0,163,31.6,Obesity,Moderate,Active,2527,Weight Loss,-0.2
59,Female,114.4,153,48.9,None,Severe,Active,1666,Weight Gain,0.2
75,Male,86.5,179,27.0,Obesity,Severe,Sedentary,2991,Weight Loss,-0.2
56,Female,93.2,180,28.8,None,Moderate,Sedentary,2459,Weight Loss,-0.5
31,Female,61.0,187,17.4,None,Moderate,Sedentary,1908,Weight Loss,-0.2
48,Male,53.1,160,20.7,Hypertension,Moderate,Moderate,2935,Weight Loss,-0.5
75,Male,57.8,184,17.1,None,Mild,Moderate,2727,Weight Loss,-0.2
22,Male,91.9,157,37.3,Obesity,Moderate,Active,1693,Weight Gain,0.5
52,Male,56.7,152,24.5,Diabetes,Mild,Moderate,1734,Weight Loss,-0.5
40,Female,76.3,163,28.7,Obesity,Severe,Active,2217,Weight Loss,-0.2
46,Female,88.5,162,33.7,Diabetes,Severe,Moderate,2673,Weight Loss,-0.2
60,Male,77.2,194,20.5,Hypertension,Moderate,Moderate,2682,Weight Loss,-0.5
28,Female,61.5,181,18.8,Obesity,Severe,Moderate,2802,Weight Loss,-0.2
35,Female,69.2,183,20.7,Diabetes,Severe,Sedentary,2315,Weight Loss,-0.2
64,Female,115.0,194,30.6,Diabetes,Severe,Moderate,1903,Weight Gain,0.2
29,Female,97.3,168,34.5,None,Severe,Sedentary,2392,Weight Loss,-0.2
26,Male,84.7,187,24.2,Obesity,Mild,Sedentary,2177,Weight Loss,-0.5
27,Male,50.9,165,18.7,Diabetes,Mild,Moderate,2834,Weight Loss,-0.5
75,Female,119.5,151,52.4,Obesity,Moderate,Active,1567,Weight Gain,0.2
61,Male,97.0,189,27.2,Hypertension,Moderate,Active,2986,Weight Loss,-0.5
34,Male,72.2,166,26.2,Hypertension,Moderate,Active,1587,Weight Gain,0.5
78,Male,111.5,183,33.3,None,Severe,Moderate,1716,Weight Gain,0.2
55,Female,68.1,191,18.7,Obesity,Severe,Active,1500,Weight Gain,0.2
24,Female,88.1,165,32.4,Hypertension,Mild,Sedentary,2658,Weight Loss,-0.5
63,Female,94.5,187,27.0,None,Mild,Active,3220,Weight Loss,-0.5
30,Male,65.5,151,28.7,None,Moderate,Moderate,2874,Weight Loss,-0.5
57,Female,118.5,151,52.0,Diabetes,Mild,Active,1639,Weight Gain,0.5
59,Female,102.4,175,33.4,Diabetes,Mild,Sedentary,2117,Weight Loss,-0.5
26,Male,89.0,162,33.9,Diabetes,Mild,Moderate,1632,Weight Gain,0.5
67,Female,62.6,196,16.3,Obesity,Mild,Active,3143,Weight Loss,-0.2
44,Female,53.8,180,16.6,Obesity,Mild,Moderate,1677,Weight Loss,-0.2
75,Male,72.4,183,21.6,Obesity,Moderate,Moderate,2309,Weight Loss,-0.2
19,Male,102.7,188,29.1,None,Moderate,Moderate,2881,Weight Loss,-0.5
22,Male,68.9,152,29.8,Obesity,Mild,Active,1879,Weight Gain,0.5
46,Female,87.8,157,35.6,Diabetes,Moderate,Moderate,2407,Weight Loss,-0.7
54,Female,101.0,172,34.1,Hypertension,Severe,Active,3394,Weight Loss,-0.2
55,Female,57.6,163,21.7,Hypertension,Mild,Sedentary,2157,Weight Loss,-0.5
36,Male,98.0,176,31.6,Hypertension,Severe,Active,1949,Weight Gain,0.2
25,Male,56.4,178,17.8,Obesity,Moderate,Sedentary,2085,Weight Loss,-0.2
65,Female,117.6,188,33.3,None,Moderate,Active,1962,Weight Gain,0.5
62,Female,84.2,188,23.8,Hypertension,Severe,Moderate,2489,Weight Loss,-0.2
18,Male,60.5,150,26.9,Hypertension,Moderate,Active,2631,Weight Loss,-0.5
39,Male,74.0,166,26.9,Obesity,Mild,Moderate,1621,Weight Gain,0.5
69,Male,78.9,190,21.9,Hypertension,Severe,Sedentary,1516,Weight Loss,-0.2
34,Male,103.1,179,32.2,Diabetes,Mild,Active,2719,Weight Gain,0.5
24,Female,102.0,162,38.9,Hypertension,Severe,Moderate,1826,Weight Gain,0.2
42,Male,92.8,170,32.1,Diabetes,Moderate,Sedentary,1817,Weight Loss,-0.5
62,Female,57.4,168,20.3,None,Severe,Sedentary,2308,Weight Loss,-0.2
21,Female,60.6,168,21.5,Diabetes,Severe,Active,3002,Weight Loss,-0.2
53,Female,56.6,174,18.7,Hypertension,Mild,Sedentary,2775,Weight Loss,-0.5
23,Male,90.4,171,30.9,Hypertension,Moderate,Moderate,2002,Weight Gain,0.5
77,Male,111.4,180,34.4,None,Mild,Sedentary,1618,Maintenance,0.0
48,Male,80.4,166,29.2,Diabetes,Moderate,Sedentary,3197,Weight Loss,-0.5
36,Male,61.3,172,20.7,Diabetes,Mild,Moderate,2209,Weight Loss,-0.5
78,Female,89.1,181,27.2,Diabetes,Severe,Sedentary,3021,Weight Loss,-0.2
61,Male,106.8,159,42.2,Diabetes,Mild,Sedentary,3009,Weight Loss,-0.7
71,Male,101.9,159,40.3,Diabetes,Moderate,Sedentary,1544,Maintenance,0.0
56,Female,111.7,185,32.6,Obesity,Moderate,Sedentary,1813,Weight Loss,-0.5
44,Male,69.5,157,28.2,Diabetes,Severe,Moderate,2702,Weight Loss,-0.2
27,Female,63.6,169,22.3,Diabetes,Moderate,Sedentary,3417,Weight Loss,-0.5
43,Female,111.6,181,34.1,None,Mild,Moderate,1917,Weight Gain,0.5
36,Female,96.0,199,24.2,Hypertension,Severe,Sedentary,2055,Weight Loss,-0.2
56,Female,71.8,163,27.0,Hypertension,Moderate,Sedentary,3306,Weight Loss,-0.5
79,Female,102.0,199,25.8,Hypertension,Moderate,Sedentary,2601,Weight Loss,-0.2
20,Female,107.1,177,34.2,None,Mild,Sedentary,1825,Maintenance,0.0
62,Female,93.0,195,24.5,Diabetes,Mild,Moderate,3213,Weight Loss,-0.5
30,Female,98.2,173,32.8,None,Severe,Moderate,2880,Weight Loss,-0.2
67,Male,76.3,164,28.4,Obesity,Moderate,Moderate,2939,Weight Loss,-0.2
45,Male,87.7,171,30.0,Diabetes,Mild,Active,3486,Weight Loss,-0.5
79,Male,86.7,179,27.1,None,Severe,Sedentary,2014,Weight Loss,-0.2
75,Male,109.4,153,46.7,Diabetes,Moderate,Sedentary,1713,Weight Loss,-0.2
37,Female,108.8,162,41.5,Diabetes,Moderate,Moderate,3377,Weight Loss,-0.7
45,Male,108.3,172,36.6,None,Severe,Active,1573,Weight Gain,0.2
25,Female,50.8,157,20.6,Obesity,Severe,Sedentary,3086,Weight Loss,-0.2
78,Male,102.5,167,36.8,Obesity,Mild,Moderate,3102,Weight Loss,-0.2
58,Male,103.1,161,39.8,Diabetes,Moderate,Sedentary,2008,Weight Loss,-0.7
56,Male,97.5,180,30.1,Hypertension,Moderate,Sedentary,1831,Weight Loss,-0.5
18,Female,102.9,163,38.7,Obesity,Moderate,Moderate,2616,Weight Loss,-0.7
20,Male,108.9,183,32.5,Hypertension,Severe,Moderate,2187,Weight Gain,0.2
30,Female,82.9,167,29.7,Hypertension,Mild,Sedentary,2156,Weight Loss,-0.5
45,Female,85.1,183,25.4,Diabetes,Moderate,Sedentary,3042,Weight Loss,-0.5
79,Male,58.7,160,22.9,Diabetes,Severe,Moderate,2792,Weight Loss,-0.2
74,Male,77.0,190,21.3,None,Moderate,Sedentary,2899,Weight Loss,-0.2
77,Male,95.0,161,36.6,Hypertension,Mild,Sedentary,3357,Weight Loss,-0.2
66,Female,104.6,198,26.7,None,Moderate,Moderate,2527,Weight Loss,-0.2
42,Male,65.2,164,24.2,Hypertension,Mild,Sedentary,2661,Weight Loss,-0.5
73,Female,59.6,180,18.4,Obesity,Mild,Sedentary,2754,Weight Loss,-0.2
50,Female,96.4,198,24.6,Diabetes,Moderate,Active,2099,Weight Gain,0.5
55,Male,50.1,178,15.8,Hypertension,Moderate,Moderate,3052,Weight Loss,-0.2
70,Male,62.5,175,20.4,Diabetes,Mild,Active,2575,Weight Loss,-0.2
23,Female,52.0,167,18.6,Hypertension,Severe,Active,3169,Weight Loss,-0.2
75,Female,61.7,181,18.8,Hypertension,Mild,Active,3246,Weight Loss,-0.2
61,Female,62.7,171,21.4,None,Moderate,Sedentary,1824,Weight Loss,-0.5
62,Male,77.1,187,22.0,Obesity,Moderate,Sedentary,2491,Weight Loss,-0.5
49,Female,78.2,166,28.4,Diabetes,Severe,Active,3493,Weight Loss,-0.2
62,Male,111.2,172,37.6,Diabetes,Mild,Active,3428,Weight Loss,-0.7
78,Female,85.7,173,28.6,Diabetes,Mild,Active,3254,Weight Loss,-0.2
64,Female,100.6,199,25.4,Hypertension,Mild,Sedentary,2216,Weight Loss,-0.5
38,Male,57.3,157,23.2,Obesity,Moderate,Active,2222,Weight Loss,-0.5
33,Female,65.8,190,18.2,None,Mild,Active,1776,Weight Gain,0.2
71,Male,99.2,155,41.3,Diabetes,Severe,Moderate,2035,Maintenance,0.0
38,Male,53.7,154,22.6,Hypertension,Moderate,Moderate,3009,Weight Loss,-0.5
28,Female,84.1,193,22.6,Hypertension,Moderate,Sedentary,3039,Weight Loss,-0.5
77,Male,92.0,178,29.0,Obesity,Mild,Moderate,1651,Weight Gain,0.2
54,Male,92.2,177,29.4,Hypertension,Severe,Moderate,2454,Weight Loss,-0.2
53,Female,51.6,160,20.2,Obesity,Moderate,Moderate,3006,Weight Loss,-0.5
52,Male,72.5,150,32.2,Obesity,Moderate,Sedentary,1758,Weight Loss,-0.5
36,Male,94.6,192,25.7,Diabetes,Mild,Moderate,1823,Weight Gain,0.5
37,Male,60.4,168,21.4,Obesity,Mild,Sedentary,2516,Weight Loss,-0.5
74,Female,98.7,158,39.5,Diabetes,Severe,Active,2368,Weight Loss,-0.2
35,Male,102.2,176,33.0,Obesity,Mild,Moderate,2691,Weight Loss,-0.5
64,Female,118.7,183,35.4,Hypertension,Severe,Sedentary,2187,Weight Loss,-0.2
58,Female,64.7,193,17.4,Hypertension,Moderate,Moderate,1809,Weight Loss,-0.2
66,Male,107.8,153,46.1,None,Severe,Active,2302,Maintenance,0.0
31,Male,86.4,185,25.2,None,Severe,Sedentary,3002,Weight Loss,-0.2
32,Male,76.1,167,27.3,None,Severe,Sedentary,2579,Weight Loss,-0.2
48,Female,58.6,164,21.8,Hypertension,Moderate,Sedentary,2119,Weight Loss,-0.5
18,Male,101.5,162,38.7,Obesity,Mild,Active,1972,Weight Gain,0.5
70,Male,66.5,168,23.6,Hypertension,Moderate,Active,2819,Weight Loss,-0.2
71,Male,76.0,198,19.4,None,Mild,Active,1960,Weight Gain,0.2
71,Male,54.4,155,22.6,Hypertension,Severe,Sedentary,2847,Weight Loss,-0.2
20,Male,106.1,197,27.3,None,Severe,Active,2313,Weight Gain,0.2
33,Female,103.7,161,40.0,None,Severe,Moderate,2345,Weight Loss,-0.2
40,Female,101.4,186,29.3,Obesity,Severe,Active,2664,Maintenance,0.0
74,Male,71.0,166,25.8,Diabetes,Severe,Sedentary,2166,Weight Loss,-0.2
28,Male,62.1,172,21.0,Diabetes,Mild,Moderate,1761,Weight Gain,0.5
29,Male,94.6,175,30.9,None,Mild,Active,3308,Weight Loss,-0.5
27,Male,84.7,178,26.7,Diabetes,Severe,Moderate,2943,Weight Loss,-0.2
49,Female,62.5,182,18.9,None,Moderate,Moderate,3267,Weight Loss,-0.5
33,Male,98.0,176,31.6,Hypertension,Moderate,Sedentary,2764,Weight Loss,-0.5
25,Female,119.4,174,39.4,Hypertension,Severe,Moderate,1854,Weight Gain,0.2
55,Female,102.3,159,40.5,None,Mild,Moderate,3372,Weight Loss,-0.7
29,Male,101.8,196,26.5,Obesity,Moderate,Sedentary,2269,Weight Loss,-0.5
41,Female,116.5,172,39.4,Hypertension,Moderate,Sedentary,3284,Weight Loss,-0.7
45,Female,64.2,170,22.2,Hypertension,Moderate,Sedentary,3112,Weight Loss,-0.5
70,Female,89.6,170,31.0,Hypertension,Severe,Moderate,1679,Maintenance,0.0
25,Female,118.6,192,32.2,Obesity,Moderate,Moderate,1565,Weight Gain,0.5
75,Male,61.6,162,23.5,Diabetes,Moderate,Moderate,2319,Weight Loss,-0.2
45,Male,99.0,186,28.6,None,Moderate,Sedentary,2871,Weight Loss,-0.5
53,Female,91.0,182,27.5,None,Moderate,Active,1670,Weight Gain,0.5
43,Male,91.1,173,30.4,Hypertension,Mild,Moderate,1973,Weight Gain,0.5
25,Male,98.8,193,26.5,Obesity,Severe,Active,2033,Weight Gain,0.2
75,Male,115.1,160,45.0,Hypertension,Severe,Sedentary,2890,Weight Loss,-0.2
77,Male,104.8,166,38.0,Hypertension,Mild,Moderate,2630,Weight Loss,-0.2
67,Male,53.9,153,23.0,None,Mild,Active,1938,Weight Loss,-0.2
45,Female,109.7,196,28.6,Diabetes,Severe,Moderate,2334,Weight Gain,0.2
45,Male,65.8,174,21.7,Diabetes,Moderate,Moderate,1726,Maintenance,0.0
54,Male,76.4,179,23.8,Hypertension,Moderate,Moderate,2967,Weight Loss,-0.5
58,Male,82.3,158,33.0,Hypertension,Severe,Active,1941,Weight Gain,0.2
53,Male,83.7,170,29.0,Hypertension,Moderate,Sedentary,1895,Weight Loss,-0.5
44,Female,80.5,169,28.2,Obesity,Mild,Moderate,2227,Weight Loss,-0.5
71,Female,115.6,168,41.0,Obesity,Moderate,Sedentary,3104,Weight Loss,-0.2
34,Female,99.4,168,35.2,Obesity,Moderate,Sedentary,1583,Maintenance,0.0
26,Female,94.2,161,36.3,Diabetes,Moderate,Active,3138,Weight Loss,-0.7
50,Male,53.5,186,15.5,Hypertension,Severe,Active,3074,Weight Loss,-0.2
70,Female,113.3,191,31.1,Diabetes,Mild,Sedentary,2536,Weight Loss,-0.2
37,Male,113.7,166,41.3,Diabetes,Moderate,Moderate,3332,Weight Loss,-0.7
30,Male,104.6,186,30.2,Hypertension,Severe,Active,3348,Weight Loss,-0.2
45,Male,50.5,197,13.0,Diabetes,Moderate,Moderate,2192,Weight Loss,-0.2
65,Male,54.0,188,15.3,Diabetes,Mild,Moderate,1992,Weight Loss,-0.2
46,Male,65.8,177,21.0,Diabetes,Moderate,Moderate,2791,Weight Loss,-0.5
30,Female,59.2,190,16.4,None,Mild,Sedentary,3048,Weight Loss,-0.2
63,Female,77.9,184,23.0,None,Moderate,Moderate,2643,Weight Loss,-0.5
52,Female,114.6,196,29.8,Obesity,Mild,Sedentary,2469,Weight Loss,-0.5
78,Female,83.0,197,21.4,None,Moderate,Sedentary,1852,Weight Loss,-0.2
23,Male,50.9,167,18.3,Obesity,Mild,Moderate,2580,Weight Loss,-0.2
35,Female,69.8,163,26.3,Hypertension,Moderate,Moderate,1539,Maintenance,0.0
68,Male,53.1,184,15.7,Diabetes,Moderate,Moderate,3409,Weight Loss,-0.2
22,Female,52.5,193,14.1,Obesity,Severe,Moderate,2859,Weight Loss,-0.2
64,Male,69.3,190,19.2,Obesity,Severe,Sedentary,2139,Weight Loss,-0.2
42,Male,69.3,156,28.5,Obesity,Mild,Moderate,1672,Maintenance,0.0
19,Female,105.1,190,29.1,Obesity,Moderate,Moderate,3070,Weight Loss,-0.5
27,Male,118.2,162,45.0,Hypertension,Mild,Sedentary,1758,Weight Gain,0.5
73,Male,76.0,167,27.3,Obesity,Severe,Active,3411,Weight Loss,-0.2
47,Female,80.0,186,23.1,None,Mild,Active,2016,Weight Gain,0.5
67,Male,109.1,162,41.6,Hypertension,Mild,Sedentary,2229,Weight Loss,-0.2
76,Female,68.8,185,20.1,Obesity,Severe,Active,2022,Weight Loss,-0.2
62,Female,60.9,180,18.8,Hypertension,Moderate,Sedentary,3417,Weight Loss,-0.5
22,Female,109.7,151,48.1,Obesity,Mild,Moderate,2338,Weight Loss,-0.7
72,Male,53.3,165,19.6,Obesity,Severe,Moderate,1616,Weight Loss,-0.2
73,Male,93.4,158,37.4,Diabetes,Moderate,Active,1683,Weight Gain,0.2
50,Male,89.3,158,35.8,Obesity,Severe,Moderate,3429,Weight Loss,-0.2
71,Female,74.2,187,21.2,Diabetes,Mild,Active,3397,Weight Loss,-0.2
18,Male,72.1,160,28.2,Obesity,Moderate,Active,2639,Weight Loss,-0.5
35,Female,104.0,171,35.6,Hypertension,Moderate,Moderate,1661,Weight Gain,0.5
49,Female,56.0,182,16.9,Obesity,Severe,Moderate,3102,Weight Loss,-0.2
64,Male,66.6,185,19.5,Diabetes,Severe,Active,3235,Weight Loss,-0.2
66,Female,101.3,194,26.9,Obesity,Severe,Moderate,2042,Maintenance,0.0
